Brand,Year,Mileage,HP,Fuel_Type,Transmission,Engine_Capacity,Owners,Price
Honda,2010,144596,157,Diesel,Manual,3.0,1,2200.0
Toyota,2010,99816,159,Gasoline,Manual,3.1,4,1400.0
Tesla,2014,57473,428,Hybrid,Automatic,1.8,2,51200.0
Audi,2011,94378,274,Electric,Automatic,2.8,1,23000.0
Kia,2011,157459,241,Electric,Automatic,2.7,1,3000.0
BMW,2022,29876,468,Diesel,Manual,2.1,4,66900.0
Audi,2012,146755,303,Electric,Manual,2.8,2,19600.0
BMW,2012,166557,319,Diesel,Automatic,3.5,1,17600.0
Toyota,2022,33790,168,Gasoline,Manual,3.7,3,17400.0
Hyundai,2016,113823,167,Diesel,Manual,3.2,3,2500.0
Volkswagen,2024,17831,192,Diesel,Manual,2.5,1,30400.0
Honda,2012,102531,116,Hybrid,Automatic,2.8,4,2100.0
Kia,2023,11314,237,Electric,Automatic,1.3,4,31500.0
Toyota,2021,41360,145,Gasoline,Automatic,3.5,2,14300.0
Ford,2018,95827,182,Hybrid,Manual,1.3,3,10800.0
Mercedes-Benz,2013,73361,474,Gasoline,Manual,3.2,1,45100.0
Kia,2022,22231,221,Diesel,Automatic,2.6,4,24000.0
Kia,2022,27438,202,Electric,Automatic,3.7,4,23700.0
BMW,2011,147718,400,Diesel,Manual,1.0,1,25000.0
Toyota,2023,21406,231,Diesel,Automatic,3.0,2,28700.0
Tesla,2019,78454,450,Hybrid,Automatic,1.6,1,63800.0
Audi,2016,109440,471,Gasoline,Manual,1.2,3,43000.0
Honda,2013,99226,237,Hybrid,Manual,2.3,3,9700.0
Honda,2017,112930,112,Gasoline,Manual,3.8,2,1300.0
Hyundai,2017,71301,115,Diesel,Automatic,1.0,4,2700.0
Hyundai,2014,135782,224,Diesel,Manual,1.9,1,4300.0
Kia,2010,152538,112,Hybrid,Manual,1.2,1,2700.0
Honda,2019,38604,203,Gasoline,Manual,2.7,1,16200.0
Volkswagen,2020,77440,233,Electric,Automatic,1.6,3,25400.0
Volkswagen,2012,132640,180,Gasoline,Manual,2.4,1,1100.0
BMW,2018,66500,488,Electric,Manual,3.6,3,64000.0
Hyundai,2023,30278,235,Gasoline,Automatic,3.8,1,26600.0
Ford,2014,76677,241,Diesel,Automatic,1.8,2,15300.0
BMW,2020,50765,375,Electric,Manual,1.3,4,59500.0
Toyota,2010,158031,167,Diesel,Automatic,2.7,4,2100.0
Honda,2011,108657,109,Electric,Manual,2.3,1,1600.0
Toyota,2024,12582,163,Gasoline,Automatic,3.3,4,25500.0
Ford,2024,10209,145,Hybrid,Manual,1.5,3,26200.0
Volkswagen,2022,29380,140,Gasoline,Automatic,3.6,4,20200.0
Hyundai,2015,101864,157,Gasoline,Manual,2.2,3,2700.0
Mercedes-Benz,2015,136734,423,Electric,Manual,1.3,3,42600.0
Mercedes-Benz,2010,106527,361,Electric,Automatic,2.3,1,32200.0
Tesla,2013,110439,431,Hybrid,Manual,2.6,2,41100.0
Honda,2020,54616,131,Electric,Automatic,3.0,3,11200.0
Mercedes-Benz,2018,51166,357,Hybrid,Manual,2.8,3,48800.0
Toyota,2014,108421,210,Electric,Automatic,2.3,2,9200.0
Ford,2020,34269,231,Electric,Manual,3.5,2,27500.0
BMW,2022,25993,256,Gasoline,Manual,4.0,1,45700.0
Tesla,2013,139541,352,Diesel,Manual,3.0,1,27600.0
Honda,2022,37687,145,Hybrid,Manual,2.7,1,15200.0
Hyundai,2020,73088,181,Hybrid,Automatic,3.5,4,14200.0
Hyundai,2017,75993,170,Hybrid,Manual,1.8,1,7800.0
BMW,2014,118141,478,Gasoline,Manual,1.5,4,40500.0
BMW,2011,168497,334,Hybrid,Automatic,1.2,4,19800.0
Tesla,2021,25996,347,Hybrid,Manual,3.8,3,64500.0
Volkswagen,2018,102570,156,Hybrid,Manual,1.8,4,7100.0
Audi,2020,59472,465,Hybrid,Manual,3.9,1,61700.0
Tesla,2019,33351,414,Hybrid,Manual,3.6,2,62100.0
Volkswagen,2015,88394,183,Electric,Automatic,1.8,4,10800.0
Honda,2017,46954,113,Electric,Manual,3.0,1,5700.0
BMW,2013,65244,311,Diesel,Automatic,3.0,2,28700.0
Mercedes-Benz,2022,34503,405,Gasoline,Manual,3.9,1,63700.0
Mercedes-Benz,2019,70143,491,Diesel,Manual,2.8,2,57900.0
Mercedes-Benz,2023,30665,453,Gasoline,Automatic,2.6,3,73400.0
Audi,2010,182245,277,Hybrid,Automatic,2.9,4,10800.0
Volkswagen,2012,178336,237,Hybrid,Automatic,2.3,3,3600.0
BMW,2023,15122,475,Hybrid,Manual,3.3,4,79400.0
Hyundai,2023,22139,224,Diesel,Automatic,3.4,3,25000.0
Tesla,2021,42657,252,Diesel,Manual,1.7,4,47000.0
BMW,2021,55220,364,Gasoline,Manual,1.9,4,50800.0
Mercedes-Benz,2020,75663,371,Electric,Automatic,4.0,3,60100.0
Hyundai,2014,112312,159,Gasoline,Manual,1.9,2,1400.0
Hyundai,2014,165546,172,Gasoline,Manual,1.9,3,1400.0
Toyota,2021,56040,170,Gasoline,Manual,2.7,2,14800.0
Hyundai,2011,77502,172,Hybrid,Automatic,2.3,2,6100.0
Mercedes-Benz,2023,26588,460,Gasoline,Automatic,2.5,1,74600.0
Tesla,2014,72378,280,Hybrid,Manual,3.3,4,30700.0
Hyundai,2014,164574,178,Gasoline,Manual,3.8,2,2300.0
Mercedes-Benz,2020,32936,311,Diesel,Manual,1.5,4,47200.0
Tesla,2017,78435,309,Electric,Automatic,3.1,4,44700.0
BMW,2024,14165,419,Diesel,Automatic,1.3,2,72800.0
Mercedes-Benz,2023,15244,265,Diesel,Automatic,2.8,3,56900.0
Hyundai,2021,43225,169,Hybrid,Automatic,1.2,1,17400.0
Audi,2019,54823,273,Diesel,Manual,4.0,3,34300.0
Ford,2017,111638,171,Diesel,Automatic,2.9,4,7800.0
Hyundai,2015,119630,182,Gasoline,Manual,2.0,4,1700.0
Volkswagen,2023,28324,216,Gasoline,Automatic,1.8,1,31500.0
Volkswagen,2023,26871,238,Hybrid,Automatic,1.2,3,36200.0
Hyundai,2020,61632,152,Electric,Manual,3.8,4,11700.0
Hyundai,2011,81595,161,Diesel,Automatic,2.7,4,2500.0
Honda,2017,56653,227,Electric,Automatic,2.2,4,20200.0
BMW,2017,113432,348,Diesel,Manual,3.6,3,33400.0
Volkswagen,2015,135368,100,Electric,Automatic,3.5,4,2700.0
Hyundai,2018,93372,185,Hybrid,Automatic,3.8,2,10500.0
BMW,2019,69557,469,Hybrid,Manual,2.0,4,59700.0
Volkswagen,2016,71485,109,Diesel,Automatic,3.6,4,4100.0
Hyundai,2010,113773,139,Gasoline,Automatic,3.3,3,1700.0
Volkswagen,2020,34266,236,Hybrid,Automatic,2.9,4,29700.0
Toyota,2019,38649,173,Diesel,Manual,2.3,1,14600.0
Honda,2017,64253,107,Gasoline,Automatic,3.4,3,3200.0
Volkswagen,2012,121351,205,Diesel,Manual,1.5,4,5000.0
BMW,2017,117604,309,Hybrid,Automatic,2.4,1,33700.0
Hyundai,2024,14189,140,Gasoline,Automatic,3.8,3,19700.0
Volkswagen,2021,40130,177,Diesel,Automatic,3.6,1,21100.0
Tesla,2015,146593,429,Electric,Manual,3.9,4,44500.0
Tesla,2023,16573,440,Hybrid,Automatic,3.3,2,86300.0
Audi,2013,99433,423,Diesel,Manual,3.7,1,33800.0
Hyundai,2010,220413,133,Gasoline,Automatic,2.0,4,1400.0
Ford,2022,44508,235,Electric,Manual,1.8,4,31000.0
Mercedes-Benz,2021,43139,369,Gasoline,Manual,3.3,2,56100.0
Volkswagen,2023,31258,123,Hybrid,Manual,1.8,1,21300.0
Mercedes-Benz,2019,70495,277,Diesel,Automatic,1.1,3,39600.0
BMW,2020,33978,482,Electric,Automatic,1.4,1,76000.0
Mercedes-Benz,2017,56012,310,Diesel,Automatic,2.4,4,38600.0
Ford,2024,12608,225,Hybrid,Automatic,1.1,3,35100.0
Hyundai,2013,132117,194,Electric,Manual,2.2,2,2900.0
Hyundai,2011,123541,105,Gasoline,Automatic,1.7,2,2600.0
BMW,2011,198817,400,Diesel,Manual,2.0,2,21000.0
Tesla,2010,144315,283,Electric,Manual,1.3,1,17500.0
Audi,2022,31517,332,Gasoline,Manual,1.8,2,51100.0
Kia,2011,88475,214,Electric,Manual,2.4,2,8300.0
Toyota,2021,56642,217,Gasoline,Manual,4.0,4,19000.0
Honda,2017,98738,120,Electric,Manual,1.2,3,2200.0
Tesla,2018,75409,402,Electric,Automatic,2.5,4,59500.0
Honda,2023,29827,210,Hybrid,Manual,2.2,4,24700.0
Honda,2015,122480,165,Electric,Manual,3.1,4,1100.0
Honda,2011,169841,195,Diesel,Manual,2.8,3,2300.0
Volkswagen,2015,119711,173,Electric,Automatic,1.3,2,5700.0
Hyundai,2013,84144,242,Electric,Manual,3.3,2,13300.0
Kia,2022,42578,168,Gasoline,Manual,1.8,3,15000.0
Audi,2010,120753,394,Hybrid,Manual,1.4,1,27800.0
Kia,2013,137395,216,Electric,Manual,2.1,3,3400.0
Tesla,2019,38776,289,Diesel,Manual,3.0,3,44100.0
Volkswagen,2017,123189,206,Electric,Manual,3.3,1,10500.0
Honda,2014,165873,234,Electric,Manual,1.7,1,2000.0
Mercedes-Benz,2013,89069,324,Electric,Manual,1.0,4,32500.0
Volkswagen,2018,65488,243,Electric,Manual,2.2,1,23500.0
Hyundai,2024,8839,247,Hybrid,Automatic,3.1,4,33100.0
Volkswagen,2010,156222,217,Electric,Manual,2.3,1,1500.0
Tesla,2016,122900,351,Electric,Automatic,1.7,2,41600.0
Honda,2018,95073,189,Electric,Manual,1.7,2,9100.0
Ford,2019,45641,145,Hybrid,Automatic,3.3,4,14700.0
Tesla,2020,54064,288,Hybrid,Manual,2.4,3,51100.0
Tesla,2010,165646,268,Electric,Automatic,2.4,1,15100.0
Mercedes-Benz,2011,95572,379,Hybrid,Automatic,2.7,1,34200.0
Tesla,2020,43053,404,Hybrid,Manual,3.9,4,63600.0
Audi,2021,29657,415,Diesel,Manual,1.7,4,57100.0
Kia,2018,106237,193,Electric,Automatic,2.2,3,9500.0
Toyota,2022,31985,184,Gasoline,Automatic,1.9,2,20900.0
Tesla,2020,39450,329,Hybrid,Manual,2.8,1,56200.0
Volkswagen,2020,52951,234,Gasoline,Automatic,2.5,1,24100.0
Ford,2013,131159,149,Diesel,Manual,1.5,3,2700.0
Honda,2018,101214,109,Electric,Manual,2.8,2,1300.0
Tesla,2022,26721,261,Hybrid,Automatic,3.0,2,61300.0
Tesla,2014,137821,386,Diesel,Automatic,3.9,4,34400.0
BMW,2015,147059,368,Electric,Automatic,2.5,4,35800.0
BMW,2022,45851,473,Electric,Manual,2.9,3,78700.0
Honda,2021,54829,172,Gasoline,Manual,1.8,2,14200.0
Honda,2024,12332,189,Gasoline,Automatic,1.2,3,24800.0
Honda,2015,87010,181,Gasoline,Automatic,3.4,2,6300.0
Hyundai,2021,32934,214,Gasoline,Manual,1.1,2,19900.0
Kia,2021,64223,208,Gasoline,Automatic,1.7,1,15500.0
Volkswagen,2020,62959,128,Hybrid,Manual,2.9,2,12800.0
Mercedes-Benz,2016,48115,311,Hybrid,Manual,3.0,1,39300.0
Audi,2011,195109,379,Gasoline,Automatic,3.6,1,19800.0
Audi,2014,60851,451,Gasoline,Automatic,1.7,1,44200.0
Audi,2012,77324,389,Electric,Manual,3.5,4,39200.0
Hyundai,2020,41034,116,Hybrid,Manual,1.9,1,8900.0
Toyota,2015,105022,201,Hybrid,Automatic,1.1,2,8300.0
Toyota,2023,23114,131,Electric,Automatic,3.7,4,22700.0
Volkswagen,2015,84664,227,Electric,Automatic,3.4,4,16200.0
Tesla,2023,20380,325,Electric,Manual,1.2,3,77600.0
Tesla,2021,49289,426,Hybrid,Automatic,2.3,3,71900.0
Volkswagen,2014,65943,203,Electric,Manual,3.9,2,14600.0
Hyundai,2010,106570,160,Electric,Automatic,2.1,1,2200.0
Hyundai,2015,114586,119,Diesel,Automatic,2.2,3,1500.0
Honda,2010,124808,232,Hybrid,Manual,1.8,3,5300.0
BMW,2019,62091,301,Gasoline,Manual,3.6,4,37200.0
Hyundai,2011,146150,116,Electric,Automatic,3.6,2,2600.0
Kia,2013,85502,135,Diesel,Automatic,1.1,3,1900.0
Kia,2012,83894,179,Hybrid,Automatic,2.6,4,6100.0
Honda,2012,133129,215,Hybrid,Automatic,1.4,2,5100.0
Ford,2016,119595,131,Diesel,Automatic,1.5,3,2900.0
BMW,2015,137336,466,Gasoline,Automatic,1.6,3,39300.0
Mercedes-Benz,2019,83205,378,Diesel,Manual,1.5,3,46700.0
Tesla,2010,82625,261,Electric,Manual,3.3,4,23200.0
Toyota,2017,113876,177,Hybrid,Manual,3.4,4,5000.0
Honda,2021,25218,212,Hybrid,Automatic,2.4,3,24300.0
Audi,2023,23291,499,Hybrid,Manual,3.3,1,78400.0
Hyundai,2011,135031,163,Diesel,Manual,1.2,4,2700.0
Volkswagen,2013,94074,247,Electric,Manual,3.3,4,15800.0
Hyundai,2017,84514,105,Gasoline,Automatic,2.5,2,1400.0
Audi,2010,89724,376,Hybrid,Automatic,2.6,1,31400.0
Mercedes-Benz,2021,47271,343,Gasoline,Automatic,1.2,2,53600.0
Mercedes-Benz,2011,162736,365,Electric,Manual,1.4,1,25800.0
Audi,2018,78111,300,Hybrid,Manual,1.1,2,35900.0
Hyundai,2018,88629,231,Diesel,Automatic,3.8,3,13200.0
Tesla,2021,44471,336,Hybrid,Automatic,2.4,1,62000.0
Honda,2016,133587,106,Hybrid,Automatic,3.9,2,2400.0
Tesla,2017,66638,411,Hybrid,Manual,3.5,2,52000.0
Honda,2013,67332,180,Hybrid,Manual,2.2,2,6800.0
Tesla,2024,13236,430,Diesel,Manual,2.7,4,81200.0
Audi,2012,167270,337,Electric,Automatic,2.8,2,23600.0
Mercedes-Benz,2018,71072,491,Electric,Automatic,3.1,4,68200.0
Audi,2018,68717,281,Hybrid,Automatic,3.5,2,35500.0
Mercedes-Benz,2021,28013,486,Hybrid,Automatic,3.2,2,76400.0
Kia,2014,158513,135,Gasoline,Manual,1.7,2,2300.0
Toyota,2011,167499,220,Gasoline,Manual,1.0,2,1800.0
Hyundai,2017,68489,182,Electric,Manual,3.7,1,10700.0
BMW,2018,40711,356,Diesel,Manual,4.0,4,43600.0
Ford,2024,10048,102,Electric,Manual,3.8,3,22400.0
Kia,2018,92743,229,Hybrid,Automatic,1.6,1,13600.0
Hyundai,2020,47600,103,Electric,Automatic,2.7,2,7500.0
Volkswagen,2023,28235,183,Gasoline,Automatic,3.0,2,28200.0
Hyundai,2015,90695,166,Hybrid,Manual,2.3,3,4700.0
Mercedes-Benz,2019,86409,316,Electric,Manual,1.2,1,47400.0
Ford,2016,121644,130,Electric,Automatic,2.8,2,2900.0
Hyundai,2012,166864,195,Hybrid,Automatic,3.3,2,2500.0
Tesla,2023,16986,364,Electric,Manual,3.8,1,82200.0
Kia,2024,14937,246,Diesel,Manual,2.0,4,26700.0
BMW,2021,62220,273,Hybrid,Manual,2.4,4,44600.0
Toyota,2018,90549,105,Hybrid,Automatic,3.4,2,2800.0
Toyota,2016,96318,238,Gasoline,Manual,4.0,4,11000.0
Volkswagen,2012,97277,195,Hybrid,Automatic,3.6,4,8000.0
Kia,2012,140032,145,Hybrid,Manual,3.2,2,2700.0
Toyota,2014,142895,208,Hybrid,Manual,1.7,3,2400.0
BMW,2024,7111,457,Hybrid,Manual,1.7,1,82200.0
Toyota,2017,118750,162,Gasoline,Automatic,2.3,2,4900.0
Toyota,2012,174684,159,Electric,Automatic,1.7,2,3000.0
Kia,2013,143761,170,Gasoline,Manual,2.9,4,2100.0
Toyota,2015,116736,181,Hybrid,Automatic,1.4,4,4600.0
Kia,2017,73430,176,Diesel,Automatic,3.7,4,9600.0
Kia,2018,53553,162,Electric,Manual,2.0,1,11000.0
Audi,2011,194410,263,Electric,Automatic,3.0,1,10000.0
BMW,2022,48456,305,Hybrid,Manual,3.6,3,52900.0
Toyota,2013,98317,222,Diesel,Manual,2.2,2,8100.0
Mercedes-Benz,2016,118122,416,Electric,Automatic,1.8,4,48400.0
Hyundai,2022,32402,194,Electric,Automatic,1.1,2,24200.0
Toyota,2014,159499,248,Hybrid,Automatic,1.5,3,6600.0
Tesla,2023,22142,390,Electric,Automatic,3.3,4,88000.0
Hyundai,2017,64933,143,Diesel,Automatic,1.6,1,6700.0
Honda,2023,11640,205,Diesel,Manual,1.2,2,22900.0
Kia,2017,89407,223,Hybrid,Manual,1.0,4,10300.0
Kia,2021,42392,173,Gasoline,Automatic,3.4,2,14300.0
Honda,2018,54047,149,Electric,Automatic,1.8,4,10400.0
Volkswagen,2017,116040,157,Electric,Manual,3.0,1,5000.0
Volkswagen,2016,130394,114,Gasoline,Manual,1.2,4,2300.0
Audi,2019,43698,485,Gasoline,Manual,1.6,4,56000.0
Honda,2020,52413,244,Gasoline,Manual,3.8,3,18800.0
BMW,2019,47434,487,Gasoline,Automatic,1.5,2,59500.0
Volkswagen,2020,71997,198,Diesel,Manual,2.5,3,16500.0
Volkswagen,2013,77730,201,Electric,Manual,2.9,4,11200.0
Audi,2018,81587,297,Hybrid,Manual,3.3,3,35400.0
Honda,2011,132723,197,Diesel,Automatic,2.0,1,1200.0
Mercedes-Benz,2017,89377,276,Diesel,Manual,1.6,4,30300.0
Kia,2016,60443,122,Electric,Manual,2.8,3,3600.0
Toyota,2014,132745,121,Diesel,Manual,3.1,2,1300.0
Mercedes-Benz,2014,145064,266,Diesel,Automatic,1.8,3,19300.0
Honda,2015,93250,226,Diesel,Automatic,1.3,3,10100.0
Volkswagen,2015,114939,212,Electric,Automatic,3.4,2,11200.0
Tesla,2021,37084,330,Diesel,Automatic,3.9,3,57300.0
Hyundai,2019,56495,196,Electric,Automatic,2.1,2,17300.0
Kia,2012,182376,218,Diesel,Automatic,3.4,1,2600.0
Volkswagen,2020,67040,177,Diesel,Automatic,3.0,4,17800.0
Honda,2017,122293,249,Hybrid,Automatic,2.6,3,13400.0
Kia,2019,39247,163,Electric,Manual,2.9,1,13200.0
Volkswagen,2022,34822,127,Gasoline,Manual,1.8,2,17300.0
Volkswagen,2017,121243,138,Electric,Manual,2.4,3,2800.0
Honda,2011,105347,179,Electric,Automatic,3.4,4,3000.0
Honda,2017,101908,117,Electric,Manual,3.4,1,1000.0
Audi,2020,35301,488,Diesel,Manual,2.7,3,60200.0
Hyundai,2013,141143,147,Hybrid,Automatic,1.1,2,1900.0
Volkswagen,2016,47407,152,Electric,Manual,2.7,2,11900.0
BMW,2017,57085,421,Hybrid,Automatic,2.8,4,52000.0
Audi,2015,126423,458,Electric,Manual,3.0,3,44600.0
Mercedes-Benz,2011,115044,427,Diesel,Automatic,2.3,2,34300.0
Volkswagen,2012,173051,144,Diesel,Automatic,1.9,2,1600.0
Hyundai,2019,38209,102,Hybrid,Manual,1.6,4,6900.0
Kia,2020,68896,225,Hybrid,Automatic,2.5,1,18200.0
BMW,2014,63136,307,Electric,Manual,3.3,4,34300.0
Honda,2019,43420,239,Electric,Manual,3.3,4,23000.0
Volkswagen,2011,129208,108,Hybrid,Automatic,2.0,1,1900.0
Honda,2022,28365,250,Electric,Automatic,1.5,2,32400.0
BMW,2022,22586,339,Electric,Manual,2.0,3,64900.0
Mercedes-Benz,2023,27636,284,Hybrid,Manual,4.0,2,62200.0
Ford,2013,91390,163,Hybrid,Automatic,1.4,3,5500.0
Volkswagen,2017,50658,203,Electric,Automatic,2.4,4,20300.0
Toyota,2023,16807,191,Gasoline,Automatic,1.7,4,25800.0
Hyundai,2014,115502,186,Diesel,Automatic,3.4,1,3000.0
Hyundai,2010,106819,212,Hybrid,Manual,4.0,4,3800.0
Ford,2024,11247,170,Gasoline,Automatic,1.8,3,27500.0
Ford,2010,174897,159,Hybrid,Manual,3.1,1,1400.0
Honda,2012,193290,232,Hybrid,Manual,1.0,3,2600.0
Volkswagen,2021,32573,118,Diesel,Automatic,1.3,1,15700.0
Audi,2024,11025,347,Diesel,Manual,1.2,1,61600.0
Ford,2017,87769,138,Hybrid,Automatic,3.6,1,7200.0
Ford,2022,25880,198,Electric,Automatic,1.9,2,28900.0
Honda,2013,173715,172,Gasoline,Automatic,1.6,2,2500.0
Mercedes-Benz,2020,31430,376,Hybrid,Manual,1.7,1,59400.0
Toyota,2015,102931,199,Hybrid,Automatic,2.6,2,9300.0
Honda,2010,219898,103,Electric,Manual,1.1,1,2900.0
Volkswagen,2018,71955,206,Hybrid,Automatic,1.2,2,18000.0
Mercedes-Benz,2011,188942,499,Diesel,Automatic,2.2,1,33600.0
Volkswagen,2021,36110,162,Gasoline,Automatic,1.3,1,20100.0
Ford,2011,74022,102,Diesel,Automatic,3.9,3,1300.0
Ford,2021,38579,107,Electric,Automatic,1.8,1,14600.0
Tesla,2020,35374,366,Electric,Manual,2.5,2,66400.0
Mercedes-Benz,2022,24756,422,Gasoline,Manual,3.2,1,65300.0
Toyota,2013,72900,193,Hybrid,Manual,1.5,1,8500.0
Volkswagen,2013,125297,206,Electric,Automatic,3.5,3,6900.0
Toyota,2012,116753,111,Hybrid,Manual,3.6,3,2500.0
Mercedes-Benz,2015,68680,366,Gasoline,Automatic,1.6,3,39100.0
BMW,2017,93111,498,Hybrid,Manual,3.2,2,54100.0
Volkswagen,2010,136691,188,Gasoline,Automatic,1.0,4,2700.0
Mercedes-Benz,2011,121394,310,Hybrid,Automatic,3.9,2,24300.0
Honda,2010,136137,205,Electric,Automatic,3.9,1,2400.0
Kia,2012,149606,245,Gasoline,Automatic,3.0,2,4600.0
Mercedes-Benz,2023,23541,429,Electric,Automatic,2.4,2,85900.0
BMW,2012,190419,289,Gasoline,Manual,2.3,3,11100.0
Kia,2015,87712,178,Hybrid,Automatic,3.6,1,5900.0
Mercedes-Benz,2023,30098,305,Electric,Manual,1.3,2,70500.0
Volkswagen,2018,43062,166,Diesel,Manual,3.9,4,14400.0
Kia,2013,82397,126,Diesel,Manual,1.0,2,1300.0
Volkswagen,2015,68530,250,Electric,Manual,1.1,1,19600.0
Hyundai,2022,22083,184,Gasoline,Manual,3.8,1,17900.0
Tesla,2016,107303,257,Hybrid,Automatic,1.5,2,31200.0
Mercedes-Benz,2014,136594,258,Diesel,Automatic,2.5,4,18500.0
Mercedes-Benz,2016,68666,301,Diesel,Manual,4.0,3,32600.0
Hyundai,2015,146785,182,Hybrid,Automatic,1.5,3,2200.0
Toyota,2024,10081,220,Electric,Manual,3.9,1,34300.0
BMW,2014,151631,445,Diesel,Automatic,2.1,2,34300.0
Tesla,2015,113626,257,Electric,Manual,2.7,2,28900.0
Hyundai,2018,71879,225,Gasoline,Manual,1.2,2,12500.0
Hyundai,2010,158175,133,Electric,Manual,3.8,3,1100.0
Ford,2019,44828,234,Electric,Manual,2.1,4,24900.0
Audi,2014,114252,499,Diesel,Automatic,3.4,4,43500.0
Ford,2021,59751,157,Diesel,Automatic,1.9,3,14900.0
Toyota,2021,60747,245,Gasoline,Manual,2.8,2,21800.0
Honda,2024,14281,184,Gasoline,Manual,2.0,3,22500.0
Honda,2023,24658,102,Electric,Manual,1.7,1,14500.0
Honda,2021,20474,198,Hybrid,Automatic,3.9,4,23000.0
Volkswagen,2015,142534,125,Hybrid,Manual,1.5,1,2600.0
Toyota,2014,61218,166,Gasoline,Manual,2.0,4,6100.0
Honda,2018,48443,223,Gasoline,Automatic,3.8,2,17800.0
Volkswagen,2012,77230,184,Diesel,Manual,2.2,3,7400.0
Mercedes-Benz,2013,79258,350,Hybrid,Manual,1.2,1,34200.0
Mercedes-Benz,2023,33600,301,Gasoline,Manual,1.6,3,58200.0
Hyundai,2023,16310,201,Hybrid,Automatic,3.7,3,25100.0
Kia,2016,75300,197,Electric,Manual,2.3,3,9900.0
Mercedes-Benz,2013,117422,265,Diesel,Manual,1.3,3,19500.0
Volkswagen,2022,45849,241,Gasoline,Automatic,3.5,4,30200.0
Hyundai,2019,57061,176,Gasoline,Automatic,3.7,1,12400.0
Kia,2022,44296,130,Hybrid,Manual,3.8,2,12200.0
BMW,2012,77555,270,Hybrid,Manual,4.0,2,23400.0
Mercedes-Benz,2015,61682,349,Hybrid,Automatic,3.6,4,42100.0
Toyota,2022,48158,207,Gasoline,Automatic,1.4,1,22800.0
Tesla,2022,22305,472,Electric,Automatic,1.8,4,91700.0
Hyundai,2010,119571,203,Diesel,Automatic,1.1,3,3700.0
Toyota,2021,53340,195,Gasoline,Automatic,3.5,3,18400.0
Hyundai,2023,15085,134,Electric,Automatic,3.3,3,19800.0
Volkswagen,2019,40311,213,Diesel,Automatic,3.2,3,22700.0
Kia,2022,23349,179,Hybrid,Manual,3.3,1,18300.0
BMW,2023,13931,258,Hybrid,Manual,3.8,2,55500.0
Hyundai,2018,81535,107,Diesel,Automatic,2.5,4,1500.0
Hyundai,2019,87063,188,Diesel,Automatic,3.2,1,10200.0
Volkswagen,2010,119722,154,Diesel,Manual,3.0,3,2300.0
Kia,2010,81058,133,Diesel,Manual,1.7,3,2400.0
Mercedes-Benz,2016,103368,367,Electric,Manual,2.4,4,43100.0
Toyota,2018,82516,172,Electric,Manual,2.4,3,11200.0
Audi,2023,21211,417,Electric,Manual,1.4,2,77100.0
Tesla,2016,93270,434,Gasoline,Automatic,4.0,3,47700.0
Volkswagen,2016,54978,246,Diesel,Automatic,3.2,2,20700.0
Hyundai,2024,15028,176,Diesel,Manual,1.9,4,20700.0
Mercedes-Benz,2021,58135,492,Electric,Manual,1.7,2,79900.0
Mercedes-Benz,2016,96896,316,Electric,Automatic,3.6,4,38100.0
Tesla,2019,40864,477,Diesel,Manual,3.6,4,62900.0
Volkswagen,2010,113175,151,Electric,Automatic,4.0,4,1300.0
Ford,2022,22966,185,Diesel,Automatic,2.9,1,23600.0
BMW,2022,28006,445,Diesel,Automatic,3.4,1,65300.0
Volkswagen,2020,63479,209,Hybrid,Automatic,1.0,2,23200.0
Toyota,2024,14629,148,Gasoline,Manual,2.9,2,20800.0
Audi,2014,79073,348,Electric,Manual,1.2,1,35700.0
Mercedes-Benz,2017,113077,384,Electric,Automatic,3.7,2,47500.0
Hyundai,2015,82220,203,Gasoline,Manual,1.7,2,7400.0
Toyota,2019,80986,131,Electric,Manual,2.1,3,7300.0
Tesla,2010,221342,419,Gasoline,Manual,1.1,1,20900.0
Volkswagen,2011,197594,221,Diesel,Manual,3.1,1,1600.0
Honda,2020,69831,135,Hybrid,Manual,2.5,1,7400.0
Honda,2017,71020,151,Electric,Manual,2.1,4,6500.0
Toyota,2018,93625,223,Electric,Manual,1.0,1,15800.0
Tesla,2020,66696,493,Gasoline,Manual,3.2,1,65900.0
BMW,2017,80963,368,Gasoline,Manual,3.4,1,38800.0
Audi,2022,33858,439,Gasoline,Manual,3.6,1,60200.0
Ford,2020,41657,191,Hybrid,Automatic,3.6,1,21000.0
Audi,2012,92528,352,Hybrid,Automatic,3.5,4,31400.0
Ford,2011,100874,140,Gasoline,Automatic,3.7,4,2600.0
Hyundai,2012,148810,107,Diesel,Automatic,3.8,1,2800.0
Hyundai,2010,92698,180,Gasoline,Manual,3.9,3,2300.0
Tesla,2011,171310,373,Electric,Automatic,1.4,1,27800.0
Ford,2018,92877,142,Gasoline,Automatic,2.0,3,7900.0
Toyota,2018,65045,196,Hybrid,Manual,1.2,4,14500.0
Hyundai,2011,187986,180,Gasoline,Automatic,3.2,1,1200.0
Volkswagen,2010,216418,100,Gasoline,Automatic,3.7,2,2300.0
Hyundai,2015,109974,157,Hybrid,Automatic,2.7,4,2600.0
Audi,2021,50590,274,Diesel,Manual,2.0,3,40000.0
Audi,2021,27339,479,Diesel,Automatic,1.4,4,63400.0
Tesla,2013,97853,488,Hybrid,Manual,2.4,2,49400.0
Honda,2022,35750,250,Gasoline,Automatic,2.4,2,27000.0
Toyota,2018,45097,210,Hybrid,Manual,3.1,2,18100.0
Ford,2011,163777,182,Hybrid,Automatic,3.9,2,1500.0
Audi,2014,137701,285,Hybrid,Automatic,3.5,3,21600.0
Kia,2020,44445,153,Electric,Automatic,3.8,2,14800.0
Ford,2018,99856,129,Electric,Automatic,2.7,4,6000.0
Kia,2014,131224,233,Gasoline,Manual,2.1,1,5500.0
BMW,2014,86343,424,Electric,Manual,3.5,3,44900.0
Kia,2010,166847,126,Diesel,Automatic,1.7,3,2400.0
Toyota,2024,14425,206,Electric,Manual,1.0,3,32000.0
Hyundai,2023,20402,250,Diesel,Manual,1.9,2,27700.0
Honda,2012,106220,130,Hybrid,Manual,2.3,3,1300.0
Tesla,2023,18402,334,Hybrid,Manual,1.1,3,72900.0
Tesla,2023,23886,452,Electric,Manual,3.4,3,92900.0
Ford,2018,46957,140,Hybrid,Automatic,1.3,2,13100.0
Audi,2015,111514,305,Hybrid,Manual,1.3,3,26300.0
Tesla,2024,9320,424,Electric,Automatic,3.7,1,98400.0
Kia,2021,38734,232,Electric,Automatic,2.5,3,26100.0
BMW,2015,134864,492,Gasoline,Manual,3.9,1,41700.0
BMW,2020,45935,463,Gasoline,Manual,2.6,4,58600.0
Honda,2021,30270,217,Electric,Manual,1.3,1,23900.0
Mercedes-Benz,2018,47788,460,Diesel,Automatic,2.2,4,56900.0
Volkswagen,2015,55950,130,Gasoline,Manual,3.3,1,6500.0
Honda,2015,133249,174,Electric,Manual,1.8,4,1800.0
Toyota,2017,64858,156,Diesel,Automatic,3.4,3,10100.0
Ford,2014,122334,241,Diesel,Manual,1.1,4,8800.0
Honda,2014,95667,154,Hybrid,Manual,1.5,2,2200.0
Mercedes-Benz,2013,84009,421,Gasoline,Automatic,2.9,1,38900.0
Honda,2014,74305,248,Hybrid,Automatic,2.1,2,15000.0
Tesla,2011,116983,374,Hybrid,Automatic,2.8,3,33000.0
Ford,2019,88707,180,Hybrid,Manual,1.0,2,12500.0
Volkswagen,2014,120879,184,Hybrid,Automatic,2.3,3,6000.0
Honda,2012,194865,171,Diesel,Manual,1.8,1,2500.0
Toyota,2023,26873,248,Hybrid,Manual,3.7,3,31200.0
Kia,2017,62476,200,Diesel,Automatic,1.4,1,11900.0
Kia,2010,135053,231,Diesel,Automatic,1.5,2,4900.0
Hyundai,2015,58412,224,Diesel,Manual,1.8,2,11600.0
BMW,2018,79605,370,Hybrid,Manual,1.1,3,43800.0
Kia,2020,49557,248,Diesel,Automatic,3.0,3,21000.0
Honda,2018,66929,157,Hybrid,Automatic,3.5,3,9900.0
Hyundai,2024,14953,228,Diesel,Automatic,1.5,1,28100.0
Mercedes-Benz,2013,91063,290,Electric,Manual,3.0,4,29400.0
Honda,2017,106676,153,Diesel,Automatic,1.1,1,3100.0
Tesla,2012,97890,260,Diesel,Manual,1.5,2,20200.0
Volkswagen,2019,85556,172,Gasoline,Manual,2.3,4,12700.0
Ford,2013,145682,136,Diesel,Automatic,1.5,3,2800.0
Tesla,2019,38644,346,Hybrid,Manual,1.3,2,55000.0
Kia,2020,60610,124,Diesel,Automatic,3.7,1,8000.0
Kia,2018,49238,223,Diesel,Manual,3.7,4,15100.0
Audi,2023,15762,359,Diesel,Automatic,3.4,4,59500.0
Tesla,2011,168690,315,Hybrid,Manual,3.7,1,18500.0
Kia,2016,84555,101,Gasoline,Manual,2.6,4,2300.0
Audi,2016,99288,289,Hybrid,Automatic,1.8,4,29400.0
Tesla,2014,128289,355,Hybrid,Manual,2.1,4,32400.0
Mercedes-Benz,2019,67107,438,Diesel,Manual,3.2,4,54200.0
Ford,2011,123346,202,Electric,Manual,1.5,1,4100.0
Ford,2017,122238,122,Gasoline,Automatic,1.7,1,2200.0
Volkswagen,2024,15832,173,Gasoline,Manual,2.9,4,27200.0
Kia,2014,90365,230,Diesel,Manual,3.0,3,8500.0
Toyota,2012,85746,202,Electric,Automatic,2.2,2,9600.0
Honda,2024,10979,172,Electric,Automatic,3.9,3,27700.0
BMW,2017,97653,251,Electric,Manual,2.2,1,29800.0
Kia,2014,117228,231,Electric,Automatic,3.1,4,9300.0
BMW,2022,35453,424,Hybrid,Manual,2.4,3,67000.0
BMW,2020,46421,355,Electric,Manual,3.1,3,56400.0
Honda,2016,96049,241,Diesel,Automatic,1.9,2,13800.0
Mercedes-Benz,2012,109582,438,Diesel,Manual,3.2,3,35000.0
BMW,2023,21098,289,Gasoline,Manual,3.8,4,53500.0
Kia,2010,196555,180,Hybrid,Automatic,2.5,3,1800.0
Tesla,2012,80837,454,Hybrid,Automatic,3.8,1,46900.0
Volkswagen,2023,19471,130,Hybrid,Automatic,3.1,1,25300.0
Volkswagen,2019,42565,192,Electric,Manual,2.6,2,21400.0
Tesla,2015,111456,377,Hybrid,Manual,2.3,3,39000.0
Volkswagen,2014,137697,246,Diesel,Manual,3.4,3,9300.0
Kia,2016,102766,137,Diesel,Automatic,3.4,2,1800.0
Ford,2024,17844,180,Hybrid,Automatic,1.8,1,29900.0
Ford,2010,130033,221,Gasoline,Automatic,3.2,3,4800.0
Kia,2018,67373,105,Hybrid,Manual,2.1,2,2200.0
Kia,2012,128528,183,Hybrid,Automatic,3.7,4,2200.0
Hyundai,2020,38237,186,Hybrid,Automatic,3.5,1,17000.0
Audi,2013,124227,417,Electric,Automatic,2.8,4,38400.0
Hyundai,2022,37658,233,Hybrid,Automatic,1.5,1,24900.0
BMW,2020,46265,303,Diesel,Automatic,1.3,1,44600.0
Hyundai,2018,41382,201,Gasoline,Manual,1.8,2,13300.0
Volkswagen,2014,98353,172,Hybrid,Manual,1.4,2,4800.0
Audi,2023,24556,369,Electric,Automatic,1.4,2,71800.0
Hyundai,2020,74763,234,Electric,Automatic,2.4,2,21300.0
Hyundai,2014,124288,166,Diesel,Automatic,1.0,2,1700.0
Hyundai,2018,39981,222,Electric,Manual,3.3,3,19800.0
Toyota,2018,79391,205,Hybrid,Automatic,1.7,4,15500.0
BMW,2014,72725,410,Diesel,Automatic,1.9,3,39200.0
Honda,2012,96466,128,Hybrid,Automatic,1.8,4,1400.0
Toyota,2012,79951,105,Diesel,Manual,1.8,2,2400.0
Toyota,2013,78958,103,Hybrid,Manual,2.0,3,2600.0
Hyundai,2015,126229,184,Gasoline,Manual,1.2,4,1100.0
Hyundai,2012,107972,197,Gasoline,Manual,3.9,2,3000.0
Hyundai,2013,68219,217,Gasoline,Manual,2.4,3,10600.0
Ford,2020,32957,233,Gasoline,Automatic,2.4,3,23900.0
Toyota,2023,18061,160,Hybrid,Automatic,1.0,3,24100.0
Volkswagen,2022,27019,110,Hybrid,Manual,2.1,1,17700.0
Hyundai,2011,148107,115,Electric,Manual,3.1,1,1300.0
BMW,2015,144325,456,Hybrid,Manual,1.1,4,40300.0
Ford,2014,66081,212,Electric,Automatic,1.6,2,15400.0
Audi,2021,52951,472,Diesel,Manual,2.6,4,59100.0
Mercedes-Benz,2018,80817,250,Hybrid,Manual,3.6,3,34500.0
BMW,2015,64785,459,Hybrid,Manual,2.6,4,50200.0
Ford,2019,60470,204,Electric,Manual,1.3,1,18300.0
Ford,2012,73311,127,Hybrid,Manual,1.3,4,2300.0
Kia,2019,90122,112,Electric,Manual,2.8,1,1000.0
BMW,2020,65910,369,Gasoline,Automatic,2.7,4,49000.0
Toyota,2023,23043,110,Gasoline,Automatic,1.2,2,17300.0
Honda,2011,127331,198,Diesel,Manual,2.6,2,2100.0
Ford,2018,102409,127,Electric,Automatic,3.1,4,5800.0
Ford,2022,28370,202,Electric,Manual,2.6,4,28900.0
Audi,2018,75278,355,Hybrid,Automatic,2.8,2,43100.0
Kia,2024,12111,215,Hybrid,Automatic,1.0,1,29600.0
Tesla,2010,203306,477,Electric,Manual,1.9,2,33900.0
Audi,2010,147350,380,Diesel,Manual,1.1,3,21200.0
Mercedes-Benz,2015,147426,309,Electric,Automatic,1.3,4,29900.0
BMW,2021,27715,452,Hybrid,Manual,2.5,1,68300.0
Mercedes-Benz,2010,219740,270,Gasoline,Automatic,2.0,4,6700.0
Honda,2023,22362,102,Hybrid,Manual,1.9,1,13400.0
Tesla,2012,138717,428,Diesel,Manual,1.2,4,33900.0
Tesla,2019,80351,306,Hybrid,Automatic,3.4,2,46700.0
Honda,2017,115299,240,Hybrid,Automatic,1.3,4,13300.0
Ford,2022,25566,243,Diesel,Automatic,2.2,2,29400.0
Kia,2013,108226,168,Hybrid,Automatic,3.1,1,1300.0
Volkswagen,2016,101709,148,Electric,Automatic,2.8,1,7200.0
Ford,2015,123644,212,Gasoline,Manual,1.6,3,5800.0
Honda,2011,84493,137,Electric,Manual,2.0,1,1600.0
Hyundai,2010,158267,237,Diesel,Manual,2.6,3,2100.0
Tesla,2021,29410,346,Gasoline,Automatic,1.5,3,58600.0
Tesla,2014,68367,417,Gasoline,Manual,2.2,3,42400.0
Audi,2023,13690,324,Hybrid,Manual,3.9,1,61400.0
Hyundai,2023,33918,122,Diesel,Manual,2.5,4,12700.0
Toyota,2010,140131,178,Electric,Automatic,2.2,2,1000.0
Audi,2015,101464,500,Electric,Manual,2.9,4,54200.0
Toyota,2018,68977,138,Electric,Automatic,3.0,1,9700.0
Kia,2020,47048,161,Diesel,Automatic,3.9,3,12200.0
Ford,2013,91999,238,Diesel,Manual,1.9,2,10700.0
Ford,2020,72564,181,Gasoline,Manual,1.6,2,14300.0
Audi,2024,15151,327,Hybrid,Automatic,1.5,2,65600.0
Ford,2010,145541,245,Diesel,Manual,1.7,1,4200.0
Hyundai,2012,176943,220,Electric,Manual,3.6,4,1900.0
Ford,2013,104748,204,Gasoline,Automatic,3.9,2,8100.0
BMW,2022,25594,295,Hybrid,Automatic,3.1,4,57000.0
Volkswagen,2016,56145,197,Electric,Automatic,2.8,1,18100.0
Hyundai,2017,47564,232,Hybrid,Manual,2.7,1,16700.0
Hyundai,2016,92243,218,Diesel,Automatic,1.9,1,11000.0
Ford,2017,99940,228,Gasoline,Manual,3.3,2,12100.0
Audi,2017,44729,366,Diesel,Automatic,1.3,3,42100.0
Ford,2021,28843,129,Hybrid,Automatic,1.3,4,17800.0
Kia,2019,48816,240,Hybrid,Manual,3.3,3,19500.0
Ford,2012,97262,113,Hybrid,Automatic,1.9,4,1600.0
Ford,2011,101831,100,Electric,Manual,2.4,4,2100.0
Toyota,2019,80452,155,Hybrid,Automatic,2.2,1,10600.0
Toyota,2013,169882,242,Diesel,Manual,1.6,1,3200.0
Toyota,2012,76638,176,Electric,Manual,1.1,4,7000.0
Ford,2020,53168,246,Diesel,Automatic,3.2,3,24600.0
Honda,2022,32353,194,Hybrid,Manual,3.3,1,20800.0
Ford,2011,135640,234,Hybrid,Manual,3.1,1,4600.0
Kia,2011,185890,173,Hybrid,Automatic,1.8,3,2900.0
Tesla,2019,83049,436,Hybrid,Automatic,3.4,2,61900.0
BMW,2010,104236,369,Gasoline,Manual,3.4,4,25600.0
Audi,2015,143549,252,Diesel,Automatic,1.8,1,16600.0
Kia,2018,72199,129,Electric,Automatic,2.2,1,6200.0
BMW,2015,109284,484,Hybrid,Manual,2.9,4,46800.0
Hyundai,2024,16542,218,Hybrid,Manual,3.5,3,28100.0
Audi,2018,96606,303,Electric,Automatic,1.2,2,37900.0
Toyota,2015,115846,142,Hybrid,Manual,2.8,3,2400.0
Audi,2021,24296,355,Gasoline,Automatic,3.6,3,52000.0
Mercedes-Benz,2013,165712,294,Gasoline,Automatic,3.4,2,19300.0
Hyundai,2018,41809,228,Diesel,Manual,2.0,4,17200.0
Kia,2014,115166,125,Diesel,Manual,3.2,4,1800.0
Kia,2011,73485,111,Gasoline,Automatic,2.4,1,1200.0
Mercedes-Benz,2010,219487,413,Diesel,Automatic,1.6,3,20700.0
Audi,2022,37644,319,Diesel,Manual,1.8,1,49700.0
Kia,2018,48431,238,Electric,Automatic,1.8,3,21600.0
Ford,2011,144188,238,Hybrid,Manual,1.4,4,5700.0
Toyota,2011,158416,122,Hybrid,Automatic,1.5,4,2200.0
Mercedes-Benz,2015,86830,270,Hybrid,Manual,1.3,4,27500.0
Mercedes-Benz,2020,66979,309,Diesel,Manual,3.6,3,44600.0
Volkswagen,2012,138016,216,Hybrid,Manual,1.2,1,4300.0
Hyundai,2023,17908,189,Diesel,Manual,2.2,1,20500.0
Honda,2022,34211,218,Hybrid,Automatic,1.7,2,25200.0
Hyundai,2016,57529,153,Hybrid,Automatic,2.7,3,8300.0
BMW,2012,86291,464,Hybrid,Manual,2.8,4,42800.0
Honda,2023,26031,178,Hybrid,Manual,2.8,4,21400.0
Toyota,2011,121048,248,Gasoline,Manual,3.0,4,7300.0
Volkswagen,2019,90471,150,Diesel,Automatic,1.9,3,11600.0
Volkswagen,2021,43291,249,Gasoline,Automatic,3.5,3,27600.0
Kia,2010,79782,191,Gasoline,Automatic,3.6,2,5800.0
Tesla,2016,95043,353,Hybrid,Automatic,2.6,2,42300.0
BMW,2018,82058,465,Hybrid,Manual,1.9,2,54100.0
Honda,2020,27464,224,Hybrid,Manual,1.3,4,23000.0
Tesla,2024,13446,366,Hybrid,Automatic,2.2,2,83100.0
Tesla,2010,221100,466,Diesel,Automatic,2.2,3,26400.0
Toyota,2019,80521,128,Hybrid,Manual,1.4,3,5800.0
Honda,2018,105689,162,Hybrid,Manual,3.1,3,4900.0
Audi,2018,40072,366,Hybrid,Automatic,2.3,3,48000.0
Toyota,2021,61654,244,Electric,Manual,2.9,2,25800.0
Mercedes-Benz,2022,18690,374,Gasoline,Manual,2.5,3,61500.0
Tesla,2014,106703,253,Gasoline,Manual,3.7,2,22200.0
Audi,2022,25759,450,Diesel,Automatic,1.5,1,64200.0
Honda,2012,193103,226,Hybrid,Automatic,1.7,4,2500.0
Ford,2013,176406,113,Electric,Manual,1.2,4,1800.0
Mercedes-Benz,2017,111706,347,Hybrid,Automatic,1.8,4,39100.0
Hyundai,2016,95891,110,Gasoline,Automatic,3.9,4,2200.0
Mercedes-Benz,2015,96477,455,Gasoline,Automatic,3.0,4,44700.0
BMW,2021,60176,383,Electric,Manual,1.9,1,62500.0
Honda,2010,176855,234,Gasoline,Automatic,2.1,3,1500.0
Toyota,2010,98055,155,Gasoline,Manual,1.3,2,1800.0
Tesla,2022,24989,428,Diesel,Automatic,1.9,1,72200.0
Mercedes-Benz,2022,38634,315,Diesel,Manual,1.8,1,53900.0
Audi,2010,140618,295,Hybrid,Manual,2.5,2,15700.0
Ford,2020,66193,136,Hybrid,Manual,2.8,1,11800.0
Mercedes-Benz,2011,78591,268,Electric,Automatic,1.1,4,25300.0
Toyota,2024,8817,168,Diesel,Automatic,3.7,1,25400.0
Hyundai,2017,100460,117,Diesel,Manual,2.2,4,1200.0
Kia,2024,13611,177,Hybrid,Manual,2.9,1,22500.0
Audi,2011,177795,415,Diesel,Manual,2.7,4,23700.0
Mercedes-Benz,2021,46438,411,Electric,Automatic,1.3,4,73100.0
Ford,2010,122652,161,Hybrid,Automatic,1.2,3,2000.0
Hyundai,2010,86869,114,Electric,Manual,2.2,2,2600.0
Kia,2017,111548,248,Diesel,Manual,1.1,2,10500.0
Toyota,2017,47988,133,Gasoline,Manual,2.9,3,7800.0
Honda,2017,67209,116,Gasoline,Manual,2.5,2,1800.0
BMW,2016,98036,333,Gasoline,Manual,2.0,2,31500.0
Tesla,2012,136965,280,Electric,Manual,3.3,2,22300.0
Kia,2012,160426,248,Gasoline,Manual,1.3,4,3400.0
Toyota,2024,13639,101,Gasoline,Manual,3.8,3,16600.0
Hyundai,2021,30004,136,Electric,Automatic,2.2,2,15800.0
Toyota,2019,51789,122,Electric,Automatic,2.3,2,10100.0
Kia,2011,157427,229,Diesel,Automatic,3.3,2,1900.0
BMW,2011,108102,377,Diesel,Manual,3.0,1,26300.0
Audi,2014,96323,314,Electric,Automatic,1.1,1,32300.0
Ford,2012,75161,231,Gasoline,Manual,3.7,4,11400.0
Audi,2016,76972,308,Gasoline,Automatic,1.7,2,31300.0
BMW,2016,78137,370,Hybrid,Manual,3.7,2,39700.0
Tesla,2017,66509,345,Diesel,Automatic,3.2,3,44000.0
BMW,2015,71102,427,Gasoline,Automatic,1.4,4,42700.0
Ford,2022,33688,175,Diesel,Manual,2.7,2,19300.0
Kia,2017,73214,221,Hybrid,Automatic,1.0,4,14800.0
BMW,2013,127901,398,Diesel,Manual,3.7,1,29600.0
Toyota,2010,194795,108,Hybrid,Automatic,2.4,1,1900.0
BMW,2011,198201,427,Hybrid,Manual,1.4,3,25000.0
Honda,2010,195397,141,Hybrid,Manual,3.9,4,2500.0
Volkswagen,2012,147687,100,Gasoline,Automatic,3.7,3,2100.0
Mercedes-Benz,2016,89223,397,Diesel,Manual,2.9,3,40600.0
Toyota,2018,77163,128,Hybrid,Automatic,2.4,1,6300.0
Ford,2020,71323,243,Diesel,Manual,3.9,2,20200.0
Hyundai,2021,59734,157,Electric,Automatic,3.7,4,14100.0
Honda,2015,110266,224,Gasoline,Automatic,3.1,3,9100.0
Audi,2022,19767,478,Hybrid,Manual,1.2,2,72700.0
Honda,2011,110046,128,Diesel,Automatic,1.5,2,2000.0
Toyota,2014,134499,133,Hybrid,Automatic,2.3,1,1600.0
Honda,2010,136346,185,Hybrid,Automatic,3.0,3,2000.0
Kia,2023,31619,217,Electric,Manual,3.7,3,25100.0
Mercedes-Benz,2013,158242,498,Electric,Manual,1.4,3,45600.0
Ford,2019,50189,173,Diesel,Manual,3.5,2,13300.0
Honda,2010,157511,132,Hybrid,Automatic,2.1,2,2100.0
Toyota,2020,53776,137,Electric,Automatic,2.6,2,13700.0
Honda,2024,8722,227,Diesel,Automatic,3.8,2,28500.0
Kia,2018,75410,221,Electric,Manual,3.4,4,14300.0
Honda,2021,51716,135,Gasoline,Automatic,1.1,2,11500.0
Honda,2015,63991,149,Diesel,Automatic,1.6,1,6400.0
Hyundai,2020,36347,200,Diesel,Automatic,2.0,1,18700.0
Audi,2016,70310,344,Hybrid,Automatic,1.0,3,38200.0
Hyundai,2023,29099,155,Hybrid,Automatic,3.4,3,18800.0
Volkswagen,2021,48287,250,Gasoline,Manual,1.6,4,27600.0
Kia,2015,65668,196,Gasoline,Manual,2.2,3,8400.0
Kia,2017,115553,151,Diesel,Automatic,1.9,4,1100.0
Mercedes-Benz,2023,31665,376,Hybrid,Manual,1.1,1,70700.0
Mercedes-Benz,2020,64727,417,Electric,Automatic,1.5,2,66300.0
Mercedes-Benz,2017,53650,440,Electric,Automatic,2.7,3,61900.0
Hyundai,2021,30893,231,Gasoline,Automatic,1.5,1,22000.0
Hyundai,2024,10146,141,Gasoline,Automatic,2.1,3,19000.0
Mercedes-Benz,2018,48015,299,Diesel,Manual,2.8,2,39100.0
Audi,2023,22087,425,Electric,Manual,2.6,3,77800.0
Toyota,2012,177662,195,Hybrid,Automatic,2.0,2,1200.0
Ford,2018,61897,243,Gasoline,Automatic,2.4,1,19400.0
Ford,2024,9212,189,Electric,Automatic,1.4,4,35600.0
Tesla,2018,75638,431,Electric,Manual,3.2,1,61700.0
Ford,2021,37366,132,Diesel,Manual,3.9,4,14300.0
Honda,2011,78279,210,Gasoline,Manual,1.3,1,7200.0
Mercedes-Benz,2010,93746,420,Gasoline,Manual,3.3,2,33100.0
BMW,2012,140106,273,Diesel,Automatic,3.8,3,15900.0
Kia,2022,31022,245,Gasoline,Manual,3.5,1,23100.0
BMW,2014,90354,251,Gasoline,Manual,3.8,4,19900.0
Tesla,2012,159518,296,Electric,Automatic,2.3,2,22500.0
Audi,2011,177765,383,Diesel,Automatic,3.3,3,21700.0
Toyota,2011,149294,129,Hybrid,Automatic,2.4,3,2400.0
Hyundai,2013,172236,174,Hybrid,Manual,3.6,4,2900.0
Audi,2012,71744,422,Gasoline,Automatic,2.3,1,36400.0
Volkswagen,2016,132908,143,Gasoline,Automatic,3.9,3,1600.0
Volkswagen,2011,126889,227,Electric,Automatic,3.3,4,8100.0
Tesla,2016,120631,321,Diesel,Automatic,1.3,3,32800.0
BMW,2020,36268,275,Gasoline,Manual,2.5,1,41400.0
Volkswagen,2019,63387,177,Gasoline,Manual,3.0,4,15200.0
BMW,2014,148743,379,Electric,Automatic,3.4,1,35000.0
Toyota,2016,65701,215,Electric,Automatic,2.3,1,15800.0
Kia,2020,51169,225,Hybrid,Manual,1.9,4,18500.0
Honda,2019,82758,238,Hybrid,Automatic,2.7,2,18100.0
Volkswagen,2014,148996,196,Electric,Automatic,2.0,1,4700.0
Ford,2023,24863,249,Gasoline,Automatic,2.1,4,31400.0
Audi,2016,97257,419,Diesel,Manual,1.7,3,38600.0
Honda,2023,20927,186,Diesel,Manual,2.6,1,21000.0
Volkswagen,2019,84048,168,Gasoline,Automatic,2.8,3,12900.0
Volkswagen,2015,144600,225,Gasoline,Manual,2.0,3,6100.0
Mercedes-Benz,2015,123082,377,Gasoline,Manual,1.9,1,32400.0
Tesla,2016,79053,433,Gasoline,Automatic,1.8,4,48100.0
Audi,2022,21240,379,Electric,Automatic,3.0,3,68600.0
Volkswagen,2014,151585,240,Diesel,Manual,2.9,2,6800.0
BMW,2020,65474,489,Hybrid,Manual,2.6,3,64700.0
BMW,2012,132513,355,Electric,Manual,2.9,4,28000.0
Mercedes-Benz,2020,40255,425,Diesel,Automatic,1.7,2,58900.0
BMW,2022,34063,374,Hybrid,Automatic,2.9,1,63400.0
Mercedes-Benz,2012,73317,452,Electric,Manual,2.9,1,49600.0
Hyundai,2022,16431,121,Electric,Automatic,3.6,4,17700.0
Honda,2016,67651,128,Gasoline,Automatic,2.5,1,4000.0
Honda,2022,33099,249,Hybrid,Manual,3.8,2,26500.0
Ford,2013,117576,204,Electric,Manual,2.5,3,6200.0
Honda,2015,142881,221,Diesel,Automatic,3.6,2,5300.0
Audi,2023,20270,415,Gasoline,Manual,3.1,2,63000.0
Volkswagen,2014,121394,236,Diesel,Automatic,2.2,4,11700.0
Mercedes-Benz,2014,73186,326,Diesel,Manual,3.7,3,31700.0
Volkswagen,2022,18909,120,Hybrid,Automatic,3.2,3,22100.0
Honda,2023,17391,229,Gasoline,Automatic,2.3,3,27100.0
Toyota,2022,19064,213,Diesel,Manual,2.2,3,23600.0
Honda,2011,108234,232,Diesel,Automatic,3.4,3,7900.0
Ford,2014,91120,183,Electric,Manual,1.3,3,6700.0
Volkswagen,2023,30528,105,Gasoline,Manual,3.7,4,17100.0
Ford,2010,177063,166,Diesel,Manual,3.9,2,2900.0
Honda,2010,207789,216,Hybrid,Manual,1.7,2,1400.0
Mercedes-Benz,2014,147185,283,Hybrid,Manual,2.8,3,21700.0
BMW,2016,74941,452,Diesel,Manual,1.9,3,44600.0
Hyundai,2024,12096,249,Hybrid,Manual,1.0,2,32600.0
Volkswagen,2020,45521,208,Electric,Manual,1.3,1,24300.0
BMW,2017,91399,490,Gasoline,Manual,1.8,4,48800.0
Volkswagen,2020,56463,243,Gasoline,Manual,1.8,4,24300.0
Hyundai,2012,86683,235,Hybrid,Manual,1.8,3,9200.0
Ford,2017,79777,210,Electric,Automatic,2.8,3,16500.0
Volkswagen,2024,10287,225,Diesel,Automatic,1.2,2,34600.0
Ford,2010,192691,141,Hybrid,Automatic,1.3,4,1100.0
Audi,2021,60730,367,Hybrid,Manual,3.5,2,52200.0
Honda,2013,117327,143,Electric,Manual,2.8,1,2100.0
Tesla,2012,154315,313,Hybrid,Manual,3.7,1,21400.0
Honda,2016,104916,127,Electric,Manual,1.1,4,2700.0
Hyundai,2017,80163,101,Electric,Manual,3.0,4,1600.0
Tesla,2012,110417,455,Electric,Automatic,3.4,1,47700.0
Tesla,2016,61911,315,Diesel,Manual,3.9,4,35800.0
BMW,2012,151041,322,Diesel,Manual,1.9,4,19000.0
Mercedes-Benz,2024,15962,341,Gasoline,Automatic,2.5,4,68900.0
Volkswagen,2017,79796,208,Gasoline,Automatic,3.4,2,15000.0
Volkswagen,2011,83473,187,Hybrid,Manual,2.9,2,7500.0
Kia,2020,68667,174,Hybrid,Automatic,1.2,4,12100.0
Ford,2020,51641,233,Hybrid,Automatic,2.7,1,25600.0
Kia,2011,190604,205,Gasoline,Automatic,3.0,3,1700.0
Tesla,2011,185605,279,Hybrid,Manual,3.4,4,12200.0
Volkswagen,2024,12447,250,Hybrid,Automatic,2.9,3,41100.0
Ford,2013,97024,166,Gasoline,Automatic,2.6,1,4400.0
Toyota,2012,170390,203,Hybrid,Automatic,2.9,3,2400.0
Volkswagen,2022,30591,132,Diesel,Manual,1.6,1,18800.0
BMW,2023,12592,373,Diesel,Manual,2.3,2,61700.0
Hyundai,2012,169401,105,Gasoline,Manual,3.7,4,2900.0
Hyundai,2010,190254,162,Diesel,Automatic,2.7,4,1100.0
Toyota,2011,172441,226,Electric,Manual,2.5,4,2000.0
Tesla,2024,14892,432,Gasoline,Manual,2.3,3,81300.0
Mercedes-Benz,2024,15711,279,Hybrid,Automatic,2.3,4,68000.0
Mercedes-Benz,2021,36440,338,Hybrid,Manual,2.5,3,59100.0
Hyundai,2012,130675,206,Electric,Automatic,3.4,2,4000.0
Mercedes-Benz,2021,29603,283,Diesel,Manual,1.5,4,47300.0
Volkswagen,2017,81722,153,Gasoline,Manual,2.1,3,7600.0
Ford,2012,172485,116,Electric,Automatic,1.3,2,1200.0
BMW,2017,76579,450,Electric,Manual,3.3,3,56800.0
Kia,2019,40649,212,Hybrid,Manual,3.9,1,17800.0
Toyota,2018,48457,130,Diesel,Automatic,1.5,3,9600.0
Kia,2017,54271,193,Electric,Manual,1.4,2,12800.0
Volkswagen,2022,17330,221,Electric,Automatic,2.5,1,35300.0
Volkswagen,2015,91451,235,Hybrid,Manual,1.4,4,14200.0
Volkswagen,2024,16744,192,Gasoline,Automatic,1.4,1,32000.0
Kia,2011,92217,180,Hybrid,Manual,2.3,4,3200.0
Ford,2024,14886,233,Electric,Automatic,2.2,3,39900.0
Audi,2024,10702,461,Electric,Manual,3.1,4,87700.0
Kia,2019,76292,203,Diesel,Automatic,1.3,3,12500.0
Ford,2018,99345,154,Gasoline,Automatic,2.6,2,6500.0
Kia,2019,57405,177,Hybrid,Manual,3.2,3,11000.0
Kia,2015,70671,131,Hybrid,Automatic,2.7,1,3200.0
BMW,2022,48217,432,Diesel,Automatic,1.9,2,63100.0
Kia,2021,37090,183,Diesel,Automatic,2.4,2,17000.0
Volkswagen,2011,91663,208,Diesel,Automatic,1.6,1,8600.0
Kia,2016,136312,232,Hybrid,Automatic,2.8,4,8800.0
Hyundai,2021,48654,136,Diesel,Automatic,3.1,2,12300.0
Kia,2023,28305,154,Hybrid,Automatic,1.1,2,19500.0
Audi,2024,11873,468,Hybrid,Manual,1.4,3,79800.0
Ford,2011,157701,195,Electric,Automatic,2.5,2,1300.0
Tesla,2016,54672,477,Electric,Manual,1.5,4,63300.0
Kia,2015,61426,206,Hybrid,Automatic,2.7,3,13100.0
Hyundai,2023,30933,135,Hybrid,Automatic,3.0,2,17800.0
Audi,2011,167126,309,Hybrid,Automatic,2.6,4,17100.0
Honda,2023,15629,246,Electric,Manual,2.9,1,32500.0
Tesla,2018,101590,495,Diesel,Automatic,2.5,1,56400.0
Kia,2012,71282,152,Diesel,Automatic,1.3,3,3400.0
Toyota,2017,45832,211,Diesel,Automatic,1.1,3,16400.0
Honda,2011,97216,143,Electric,Manual,1.5,1,1300.0
Volkswagen,2020,39342,183,Diesel,Manual,3.1,3,18900.0
Audi,2012,155574,316,Hybrid,Manual,1.2,2,18900.0
Tesla,2013,161078,442,Hybrid,Manual,1.8,3,36900.0
Volkswagen,2011,181284,204,Diesel,Manual,1.8,1,1500.0
Kia,2020,37780,245,Hybrid,Automatic,1.3,2,24300.0
Ford,2015,139917,162,Hybrid,Automatic,1.1,4,2900.0
Tesla,2014,85166,265,Hybrid,Automatic,2.8,4,30300.0
BMW,2019,82470,261,Diesel,Manual,1.9,4,32200.0
Ford,2021,58757,210,Diesel,Automatic,3.7,3,21300.0
Hyundai,2014,101953,187,Diesel,Automatic,3.9,3,4400.0
Ford,2020,30152,221,Gasoline,Manual,3.0,4,22200.0
Hyundai,2022,38713,120,Gasoline,Manual,3.7,4,10900.0
Audi,2023,27257,341,Hybrid,Manual,3.5,1,60200.0
Audi,2024,11802,252,Diesel,Manual,3.3,3,51200.0
Tesla,2020,51646,309,Hybrid,Automatic,1.1,4,55300.0
Tesla,2013,62998,460,Hybrid,Manual,3.6,4,49100.0
BMW,2020,76279,394,Diesel,Manual,2.8,1,47600.0
Tesla,2023,21753,436,Electric,Manual,3.5,1,92200.0
Kia,2019,59446,216,Gasoline,Automatic,2.9,1,16400.0
Audi,2016,107238,281,Hybrid,Automatic,2.1,1,28300.0
BMW,2010,146736,386,Hybrid,Automatic,1.0,2,26700.0
Tesla,2022,18093,500,Hybrid,Manual,3.8,2,85400.0
Mercedes-Benz,2011,92404,372,Hybrid,Manual,2.8,3,33000.0
BMW,2011,180578,495,Electric,Manual,3.5,2,39000.0
Tesla,2019,73887,410,Hybrid,Manual,1.3,1,59000.0
Volkswagen,2015,61694,115,Hybrid,Manual,1.9,4,3600.0
Toyota,2018,43400,197,Hybrid,Manual,2.9,4,15900.0
Tesla,2022,19233,348,Hybrid,Automatic,3.6,1,70400.0
Toyota,2017,110480,250,Diesel,Manual,1.3,1,12700.0
BMW,2024,15423,413,Electric,Automatic,2.3,4,85200.0
Ford,2022,17661,132,Electric,Automatic,2.5,3,22100.0
Kia,2022,23362,220,Electric,Automatic,1.9,1,27100.0
Ford,2010,137489,243,Gasoline,Automatic,2.0,2,6900.0
BMW,2022,21157,298,Hybrid,Automatic,2.8,3,57700.0
Tesla,2015,102519,334,Diesel,Manual,2.4,1,32300.0
Toyota,2020,45156,219,Diesel,Manual,2.4,3,19800.0
Volkswagen,2013,140205,101,Electric,Manual,1.2,1,2100.0
Ford,2014,135957,249,Electric,Manual,3.9,2,9200.0
Ford,2013,112931,186,Diesel,Manual,1.6,2,4200.0
Honda,2010,111824,128,Electric,Manual,1.9,2,1700.0
Audi,2020,43351,500,Hybrid,Manual,1.4,2,67100.0
BMW,2018,81437,331,Hybrid,Manual,3.8,2,40800.0
Mercedes-Benz,2022,24986,313,Gasoline,Automatic,3.6,4,56200.0
Honda,2022,38664,142,Hybrid,Automatic,2.5,4,15700.0
Audi,2018,94479,371,Electric,Automatic,2.9,1,46200.0
BMW,2017,73963,305,Electric,Automatic,3.7,2,41300.0
Audi,2014,154914,284,Gasoline,Automatic,2.3,3,17000.0
Toyota,2017,109891,209,Hybrid,Automatic,2.3,3,11500.0
Audi,2014,124106,295,Hybrid,Manual,1.8,1,22000.0
Honda,2014,149620,239,Gasoline,Automatic,3.8,1,5300.0
Audi,2010,210830,335,Diesel,Automatic,1.8,3,11900.0
Tesla,2012,182813,252,Electric,Automatic,3.5,4,15500.0
Tesla,2022,19448,417,Diesel,Automatic,1.7,2,71300.0
Kia,2019,88163,218,Electric,Manual,1.9,2,13600.0
Volkswagen,2013,149930,242,Gasoline,Automatic,1.4,2,7400.0
Toyota,2017,89263,157,Hybrid,Automatic,3.1,4,7900.0
Kia,2014,118570,105,Gasoline,Manual,1.5,3,2100.0
Tesla,2024,19659,471,Hybrid,Automatic,1.6,4,93700.0
Volkswagen,2013,154225,184,Hybrid,Automatic,1.3,1,2300.0
Ford,2010,227277,106,Diesel,Manual,1.2,4,1600.0
BMW,2014,150074,366,Gasoline,Automatic,2.6,2,26900.0
Volkswagen,2016,69055,133,Hybrid,Automatic,3.2,4,9100.0
BMW,2012,111334,360,Hybrid,Manual,2.8,3,29100.0
Kia,2021,52332,151,Gasoline,Manual,2.3,4,10600.0
BMW,2018,77379,475,Hybrid,Automatic,2.4,1,58400.0
Mercedes-Benz,2020,65220,429,Electric,Automatic,2.8,2,68400.0
Ford,2024,15829,198,Diesel,Manual,2.2,1,27500.0
Ford,2014,154301,117,Diesel,Automatic,2.2,1,3000.0
Honda,2022,24301,183,Hybrid,Automatic,1.5,2,22400.0
Hyundai,2010,96768,197,Electric,Automatic,3.6,4,4800.0
Mercedes-Benz,2011,103983,421,Hybrid,Automatic,2.4,1,38100.0
BMW,2021,49832,370,Electric,Manual,1.5,1,62100.0
Ford,2014,81753,200,Diesel,Manual,3.0,1,9100.0
Ford,2017,88385,155,Gasoline,Manual,2.3,1,6800.0
Kia,2020,36619,178,Hybrid,Manual,2.8,1,15500.0
BMW,2024,12160,482,Diesel,Manual,1.3,4,76500.0
Toyota,2015,81997,156,Gasoline,Manual,3.2,1,4200.0
Honda,2023,23361,243,Diesel,Manual,3.8,4,27400.0
Honda,2013,102891,191,Electric,Manual,1.0,3,3700.0
BMW,2017,69388,418,Electric,Automatic,1.1,2,54400.0
Tesla,2017,57736,452,Diesel,Automatic,3.9,3,55600.0
Volkswagen,2020,38605,144,Electric,Automatic,1.2,1,20100.0
Tesla,2017,94298,413,Diesel,Manual,1.7,1,45200.0
Volkswagen,2022,27620,115,Diesel,Automatic,2.5,2,17800.0
BMW,2020,30055,486,Hybrid,Automatic,1.4,3,70200.0
Toyota,2018,84942,106,Diesel,Automatic,2.0,2,3300.0
BMW,2022,30913,473,Hybrid,Automatic,1.6,1,74300.0
Hyundai,2011,114568,136,Diesel,Manual,1.3,2,1500.0
Honda,2016,116419,142,Diesel,Manual,2.3,2,1600.0
Tesla,2017,68619,470,Hybrid,Manual,3.9,3,59000.0
Ford,2017,101310,229,Hybrid,Manual,3.5,4,12500.0
Volkswagen,2016,59726,237,Diesel,Manual,1.8,4,17000.0
Mercedes-Benz,2016,132854,373,Gasoline,Automatic,1.4,4,34300.0
BMW,2010,82251,436,Electric,Automatic,2.2,4,43900.0
Audi,2016,119701,414,Gasoline,Automatic,3.7,1,37000.0
Tesla,2012,109940,495,Electric,Automatic,2.5,4,52800.0
Audi,2021,26936,487,Hybrid,Manual,1.7,1,70800.0
Audi,2020,28521,316,Hybrid,Manual,1.8,2,46900.0
Honda,2020,59742,250,Gasoline,Manual,3.6,2,20300.0
Mercedes-Benz,2021,43905,497,Hybrid,Automatic,3.2,1,75600.0
Tesla,2022,33095,318,Diesel,Automatic,3.1,1,61100.0
Hyundai,2010,99377,206,Hybrid,Automatic,3.2,2,5400.0
Ford,2021,30422,224,Diesel,Manual,2.4,2,23200.0
Toyota,2021,33543,166,Hybrid,Automatic,2.9,1,20200.0
Ford,2011,137930,196,Gasoline,Automatic,1.2,1,2500.0
Hyundai,2017,53285,115,Electric,Manual,3.0,1,3400.0
Kia,2022,18431,233,Electric,Automatic,2.4,3,29500.0
Audi,2015,108782,459,Diesel,Automatic,3.0,4,41400.0
Audi,2023,21640,250,Hybrid,Automatic,3.2,2,52100.0
Honda,2023,29675,163,Electric,Automatic,2.9,4,23000.0
BMW,2010,154306,412,Electric,Manual,3.9,3,30400.0
BMW,2019,80906,439,Gasoline,Automatic,2.3,4,52200.0
Honda,2021,47627,149,Diesel,Manual,1.4,1,11500.0
Kia,2023,26672,214,Gasoline,Automatic,3.0,2,22700.0
Ford,2022,20259,211,Gasoline,Manual,3.8,3,25900.0
Mercedes-Benz,2013,114541,493,Gasoline,Manual,3.8,4,41100.0
Audi,2023,22050,446,Gasoline,Automatic,2.1,4,68200.0
Kia,2023,26229,157,Electric,Manual,1.9,1,18400.0
Tesla,2024,9033,396,Electric,Manual,3.6,4,94000.0
Toyota,2014,70976,237,Diesel,Automatic,3.9,3,14900.0
Ford,2018,108831,156,Gasoline,Automatic,1.0,4,6400.0
Mercedes-Benz,2023,21266,424,Hybrid,Manual,2.8,2,78300.0
Toyota,2019,64000,228,Gasoline,Automatic,4.0,4,18800.0
BMW,2017,81285,265,Electric,Manual,3.5,2,34000.0
BMW,2021,24910,469,Hybrid,Automatic,1.9,2,72800.0
Kia,2016,98212,221,Electric,Automatic,2.2,3,11200.0
BMW,2021,59137,274,Diesel,Automatic,3.3,1,43200.0
Mercedes-Benz,2017,66176,285,Hybrid,Automatic,1.9,2,37700.0
BMW,2021,23563,435,Gasoline,Manual,2.1,4,61000.0
Ford,2024,6708,191,Hybrid,Manual,3.8,1,32000.0
Audi,2019,73859,410,Hybrid,Manual,1.1,2,50300.0
Mercedes-Benz,2021,60481,417,Hybrid,Manual,3.3,4,63900.0
Hyundai,2015,52883,129,Gasoline,Manual,2.5,2,2600.0
Tesla,2019,79378,427,Gasoline,Manual,2.2,4,53600.0
Ford,2011,145112,237,Diesel,Automatic,3.4,1,5500.0
Kia,2022,45054,116,Gasoline,Manual,3.9,1,8100.0
Tesla,2021,31835,392,Hybrid,Automatic,1.4,2,70000.0
Ford,2011,201113,108,Gasoline,Manual,2.5,3,2900.0
Ford,2016,47043,176,Gasoline,Automatic,3.0,4,12200.0
Hyundai,2021,44789,190,Diesel,Manual,3.0,1,15100.0
BMW,2012,130593,495,Diesel,Manual,2.8,3,37100.0
Tesla,2016,60466,315,Electric,Automatic,2.9,2,45400.0
Honda,2014,132821,237,Diesel,Manual,2.9,3,7100.0
BMW,2021,49005,418,Diesel,Automatic,3.5,3,58900.0
Volkswagen,2016,53760,163,Gasoline,Automatic,1.4,1,12500.0
Volkswagen,2011,146272,192,Electric,Automatic,1.4,2,1500.0
Honda,2016,80861,126,Gasoline,Manual,2.6,3,2200.0
Hyundai,2011,194182,246,Electric,Automatic,2.8,1,1300.0
Volkswagen,2012,142870,241,Hybrid,Automatic,2.8,3,7300.0
Kia,2021,31223,136,Hybrid,Automatic,1.2,3,14000.0
BMW,2020,78286,430,Hybrid,Manual,2.3,3,57500.0
Kia,2014,108213,233,Diesel,Automatic,2.9,1,9900.0
Volkswagen,2022,31107,120,Gasoline,Manual,3.8,2,17300.0
Honda,2021,43271,226,Gasoline,Automatic,3.0,2,21500.0
Kia,2020,69631,203,Gasoline,Manual,3.7,1,13200.0
Kia,2021,44612,235,Gasoline,Automatic,3.9,2,20400.0
Audi,2023,18576,340,Gasoline,Automatic,2.5,2,57400.0
Honda,2015,95336,130,Electric,Automatic,2.4,3,1400.0
Tesla,2016,79555,487,Gasoline,Automatic,3.7,4,52700.0
Toyota,2019,77943,176,Electric,Manual,1.0,2,12300.0
Toyota,2011,172842,150,Gasoline,Manual,2.2,4,1000.0
Mercedes-Benz,2013,155770,345,Electric,Automatic,2.3,2,29200.0
Mercedes-Benz,2011,174189,291,Diesel,Automatic,3.2,1,14300.0
BMW,2011,115803,260,Diesel,Automatic,2.3,3,17000.0
Ford,2020,45226,168,Gasoline,Automatic,2.5,4,17400.0
Ford,2015,119621,199,Diesel,Manual,3.9,1,4900.0
Audi,2018,38498,263,Electric,Automatic,3.9,1,40400.0
Mercedes-Benz,2014,143247,444,Hybrid,Manual,2.9,2,38800.0
Honda,2023,20660,209,Diesel,Automatic,3.1,1,25300.0
Kia,2019,49353,138,Diesel,Manual,1.4,1,6900.0
BMW,2024,10887,254,Diesel,Manual,3.6,4,54600.0
Mercedes-Benz,2021,36980,336,Hybrid,Automatic,1.2,4,59800.0
Mercedes-Benz,2011,134732,321,Electric,Automatic,1.7,1,24900.0
Toyota,2010,155771,173,Hybrid,Automatic,3.7,1,1900.0
Mercedes-Benz,2017,90386,327,Gasoline,Manual,3.0,2,34800.0
Audi,2021,62924,404,Electric,Manual,3.0,2,62200.0
Honda,2024,7810,130,Gasoline,Manual,1.6,4,19300.0
Honda,2018,76795,221,Diesel,Manual,1.1,2,12900.0
Mercedes-Benz,2024,17025,479,Electric,Automatic,2.9,1,99800.0
Honda,2017,99202,228,Gasoline,Manual,2.8,2,10200.0
Tesla,2010,124996,376,Gasoline,Manual,2.3,4,26500.0
Volkswagen,2016,136756,152,Diesel,Manual,1.5,2,2200.0
Toyota,2024,17131,228,Electric,Automatic,3.6,3,36800.0
Kia,2011,111076,111,Diesel,Automatic,1.1,2,2900.0
Mercedes-Benz,2024,9393,473,Gasoline,Manual,4.0,2,81400.0
Toyota,2020,58417,194,Electric,Manual,3.8,3,18900.0
Volkswagen,2024,12490,114,Gasoline,Automatic,1.7,3,23500.0
Toyota,2018,102763,197,Electric,Manual,3.5,2,10400.0
BMW,2019,70149,364,Diesel,Automatic,2.1,4,44000.0
Ford,2017,65690,148,Hybrid,Manual,2.9,1,8100.0
Ford,2023,27895,148,Gasoline,Manual,1.2,2,19700.0
Volkswagen,2011,191944,103,Gasoline,Automatic,2.2,1,2700.0
Toyota,2012,118568,168,Diesel,Manual,3.4,1,2900.0
Honda,2018,74504,151,Diesel,Automatic,3.3,4,8400.0
Mercedes-Benz,2015,129725,312,Gasoline,Automatic,2.9,1,26200.0
Toyota,2011,197352,126,Hybrid,Manual,1.0,2,1000.0
Volkswagen,2016,69620,173,Diesel,Automatic,3.1,1,11500.0
Honda,2013,82300,191,Gasoline,Automatic,1.4,1,8200.0
Tesla,2012,106432,385,Electric,Manual,3.0,2,39000.0
Mercedes-Benz,2019,61065,474,Gasoline,Automatic,3.7,3,60200.0
Honda,2022,16322,137,Electric,Manual,2.2,4,18900.0
Honda,2019,74299,137,Gasoline,Automatic,4.0,2,7900.0
Audi,2015,134442,373,Hybrid,Automatic,1.4,2,32600.0
Kia,2017,114980,226,Diesel,Automatic,1.3,4,9500.0
BMW,2021,27642,342,Gasoline,Manual,4.0,1,50700.0
Hyundai,2012,88940,189,Electric,Manual,1.9,2,5900.0
Kia,2024,13884,153,Diesel,Manual,3.2,1,19200.0
Ford,2016,52358,195,Gasoline,Manual,3.0,1,12700.0
Tesla,2023,15429,287,Electric,Manual,1.2,1,73100.0
Volkswagen,2012,107692,135,Electric,Automatic,2.2,3,1900.0
Toyota,2014,76319,115,Gasoline,Manual,2.5,1,1800.0
Volkswagen,2020,66754,166,Electric,Manual,2.3,2,17200.0
Honda,2018,79320,154,Hybrid,Manual,1.7,2,7300.0
Kia,2019,41421,222,Electric,Automatic,3.5,2,20500.0
Audi,2020,61345,319,Gasoline,Manual,1.2,3,39600.0
Mercedes-Benz,2012,181221,266,Diesel,Manual,3.3,3,10600.0
BMW,2020,29618,318,Gasoline,Manual,2.7,4,44500.0
Audi,2011,140853,341,Electric,Automatic,2.5,3,25600.0
Audi,2012,88449,354,Gasoline,Manual,1.1,4,27200.0
Toyota,2014,85292,218,Gasoline,Manual,3.9,2,10300.0
Ford,2022,27023,232,Electric,Automatic,3.4,3,32900.0
Tesla,2023,24445,478,Hybrid,Manual,1.6,1,88800.0
Tesla,2020,66552,456,Gasoline,Manual,3.3,3,61500.0
Honda,2017,56053,180,Diesel,Automatic,1.5,3,11800.0
Audi,2011,87777,431,Hybrid,Automatic,4.0,3,39300.0
Hyundai,2020,37520,245,Hybrid,Manual,2.1,3,22700.0
Tesla,2024,10724,343,Electric,Automatic,1.3,4,88800.0
Mercedes-Benz,2024,6166,439,Diesel,Manual,1.5,1,77900.0
Ford,2019,69843,157,Hybrid,Automatic,3.0,3,12900.0
Kia,2024,13509,121,Diesel,Manual,3.8,4,15700.0
BMW,2016,93993,331,Electric,Automatic,1.6,4,38100.0
Hyundai,2010,210225,220,Diesel,Manual,2.0,1,3000.0
Volkswagen,2010,167353,221,Diesel,Manual,1.6,1,2900.0
Volkswagen,2014,101861,121,Diesel,Manual,1.8,1,1600.0
Hyundai,2023,28050,154,Electric,Manual,3.5,1,20400.0
Volkswagen,2015,99987,150,Electric,Automatic,2.4,2,6900.0
Volkswagen,2015,146627,102,Diesel,Manual,3.2,2,1600.0
Audi,2010,115732,489,Diesel,Automatic,3.6,1,38100.0
Volkswagen,2014,148871,215,Diesel,Automatic,2.9,1,5000.0
BMW,2016,126883,403,Hybrid,Manual,2.0,2,39500.0
Tesla,2010,168970,254,Electric,Automatic,2.5,1,13700.0
Hyundai,2016,108388,190,Hybrid,Automatic,1.3,2,6600.0
Audi,2012,187601,291,Hybrid,Automatic,1.9,4,13900.0
Tesla,2024,7342,456,Gasoline,Manual,2.9,4,83600.0
Tesla,2024,14740,412,Hybrid,Manual,3.0,4,86600.0
Hyundai,2018,79638,150,Hybrid,Manual,2.1,4,5500.0
Volkswagen,2010,168904,229,Electric,Automatic,3.6,3,2500.0
Volkswagen,2020,44819,206,Gasoline,Manual,1.1,3,21600.0
Kia,2023,32258,185,Diesel,Automatic,1.7,4,19100.0
Volkswagen,2023,16423,209,Diesel,Automatic,3.9,2,30800.0
Audi,2018,56748,309,Gasoline,Manual,2.5,4,36000.0
Mercedes-Benz,2023,29418,492,Electric,Manual,1.3,1,92000.0
Tesla,2012,75368,485,Gasoline,Automatic,1.1,2,47400.0
Audi,2012,117867,326,Diesel,Manual,3.2,4,22000.0
Toyota,2014,71126,105,Gasoline,Manual,2.4,1,1200.0
Mercedes-Benz,2014,88309,269,Hybrid,Automatic,3.7,2,27400.0
Hyundai,2022,19466,118,Hybrid,Manual,1.6,4,13200.0
Audi,2020,63254,296,Electric,Manual,3.7,1,44900.0
Audi,2015,134195,389,Gasoline,Manual,2.6,3,31000.0
BMW,2019,37294,255,Diesel,Manual,3.6,1,36500.0
Toyota,2015,74500,121,Diesel,Automatic,1.8,2,4000.0
Audi,2021,58551,369,Hybrid,Automatic,2.5,4,55800.0
Mercedes-Benz,2012,109448,496,Hybrid,Manual,2.8,3,44800.0
BMW,2021,55518,476,Hybrid,Automatic,2.8,3,69900.0
Tesla,2011,212423,359,Diesel,Automatic,2.1,1,18600.0
Toyota,2018,68829,204,Electric,Automatic,2.2,1,16600.0
Audi,2016,75344,312,Gasoline,Manual,3.0,3,29200.0
Audi,2011,74807,426,Gasoline,Automatic,1.6,3,37000.0
Kia,2011,160761,154,Diesel,Manual,2.7,1,2100.0
Volkswagen,2020,63253,181,Diesel,Manual,1.1,4,16500.0
Mercedes-Benz,2016,63593,365,Diesel,Automatic,2.8,2,41200.0
Mercedes-Benz,2010,216533,483,Hybrid,Automatic,1.4,4,30200.0
Kia,2024,13962,186,Gasoline,Manual,2.4,4,22100.0
Mercedes-Benz,2015,109929,270,Electric,Automatic,2.8,4,29200.0
Hyundai,2017,58975,126,Gasoline,Manual,1.1,1,3300.0
Audi,2023,26130,293,Gasoline,Manual,3.2,3,51300.0
Kia,2010,90027,111,Gasoline,Manual,3.8,1,1500.0
Tesla,2022,35865,428,Diesel,Manual,2.8,1,68600.0
Ford,2022,47095,214,Gasoline,Manual,2.7,4,23700.0
Audi,2022,40574,273,Electric,Automatic,3.1,3,54200.0
BMW,2020,42504,269,Hybrid,Manual,1.6,2,43100.0
Volkswagen,2013,156724,187,Diesel,Automatic,3.3,3,2400.0
Ford,2023,27395,133,Diesel,Automatic,2.2,4,20600.0
Kia,2013,140211,117,Electric,Automatic,1.5,3,2900.0
Tesla,2020,34566,368,Gasoline,Manual,1.7,4,55200.0
Toyota,2017,113292,190,Electric,Manual,3.8,1,7200.0
BMW,2012,153652,360,Electric,Manual,2.3,3,25700.0
Volkswagen,2021,49280,175,Diesel,Automatic,1.5,3,20500.0
Hyundai,2018,85615,112,Diesel,Manual,1.7,1,2800.0
Tesla,2014,98560,386,Gasoline,Automatic,1.7,4,37300.0
Honda,2013,116796,152,Diesel,Manual,2.0,3,2400.0
Mercedes-Benz,2021,20972,297,Hybrid,Automatic,3.6,2,56300.0
Honda,2012,107618,216,Diesel,Manual,3.0,4,5100.0
Ford,2014,70269,102,Electric,Automatic,2.7,4,2700.0
Hyundai,2011,80502,245,Electric,Manual,2.6,2,12900.0
Honda,2011,142609,215,Hybrid,Automatic,4.0,3,3300.0
Mercedes-Benz,2015,125271,461,Electric,Automatic,3.1,4,49900.0
Kia,2021,22567,205,Diesel,Manual,2.1,1,18200.0
Volkswagen,2015,84531,149,Hybrid,Manual,3.9,4,6700.0
Kia,2012,124355,184,Hybrid,Automatic,3.8,3,1600.0
Toyota,2019,83932,131,Hybrid,Automatic,2.7,3,6900.0
Toyota,2017,63100,138,Electric,Manual,1.9,3,6400.0
Mercedes-Benz,2010,186875,305,Electric,Manual,1.2,3,13500.0
Audi,2020,25458,314,Diesel,Automatic,3.6,2,46100.0
Mercedes-Benz,2012,110438,399,Gasoline,Automatic,1.7,4,33900.0
BMW,2022,37445,352,Gasoline,Automatic,3.8,3,55100.0
Volkswagen,2020,56151,135,Diesel,Automatic,1.4,2,13700.0
Honda,2014,160901,239,Diesel,Automatic,3.3,4,4200.0
Kia,2017,85183,191,Hybrid,Automatic,2.3,4,10600.0
Hyundai,2010,212571,207,Gasoline,Manual,2.8,3,2600.0
Tesla,2018,78833,408,Electric,Manual,3.3,4,58300.0
Toyota,2017,111666,113,Gasoline,Manual,1.8,1,1700.0
Honda,2023,24152,223,Electric,Manual,1.4,1,29800.0
Kia,2012,188761,134,Diesel,Manual,1.9,3,2400.0
Toyota,2022,40479,129,Gasoline,Manual,1.5,1,13500.0
BMW,2013,84244,256,Hybrid,Automatic,1.2,1,23000.0
Hyundai,2012,119515,166,Hybrid,Manual,2.3,1,1400.0
BMW,2012,178418,301,Hybrid,Automatic,1.9,1,17500.0
Hyundai,2015,98284,198,Gasoline,Automatic,2.3,4,6700.0
Mercedes-Benz,2017,60366,349,Gasoline,Automatic,1.1,4,41000.0
Audi,2012,168412,320,Gasoline,Manual,2.1,2,15500.0
Kia,2016,121159,144,Diesel,Automatic,3.0,3,1900.0
Ford,2014,112820,117,Hybrid,Automatic,3.9,2,2200.0
Kia,2022,42947,133,Electric,Automatic,2.8,4,13400.0
Toyota,2023,17112,124,Gasoline,Automatic,3.8,4,18000.0
BMW,2022,27491,480,Diesel,Automatic,3.3,4,70400.0
Toyota,2019,55555,109,Gasoline,Automatic,3.3,1,8300.0
Audi,2011,176189,284,Diesel,Manual,1.8,4,10700.0
BMW,2013,95415,458,Diesel,Manual,2.7,1,38400.0
Ford,2024,8030,204,Gasoline,Automatic,1.6,4,30300.0
BMW,2019,80668,340,Electric,Manual,3.4,4,47700.0
Volkswagen,2023,16984,120,Diesel,Automatic,1.3,4,21500.0
Tesla,2018,73131,307,Electric,Automatic,2.2,3,48300.0
Ford,2014,72852,247,Diesel,Automatic,2.2,1,15900.0
Honda,2019,78450,107,Gasoline,Automatic,2.3,2,3600.0
Toyota,2012,112979,184,Gasoline,Manual,2.5,1,1900.0
Honda,2016,133860,241,Hybrid,Manual,1.8,1,7700.0
Hyundai,2018,63699,210,Hybrid,Automatic,3.3,2,14600.0
Toyota,2010,127586,197,Gasoline,Automatic,1.2,4,3000.0
Volkswagen,2021,52473,135,Gasoline,Automatic,1.4,3,15900.0
Audi,2016,55492,309,Gasoline,Manual,1.7,1,32600.0
Toyota,2023,18653,119,Gasoline,Manual,2.3,3,15300.0
Audi,2019,56401,283,Hybrid,Automatic,3.0,1,39100.0
Kia,2013,160220,156,Hybrid,Automatic,3.8,3,2700.0
BMW,2018,68293,428,Gasoline,Manual,2.0,4,47900.0
Tesla,2017,77306,302,Diesel,Manual,1.9,2,35400.0
Ford,2010,136371,216,Gasoline,Manual,2.5,1,2000.0
Tesla,2016,89981,265,Electric,Automatic,2.5,4,35800.0
Toyota,2013,103547,147,Hybrid,Manual,3.0,1,2100.0
Audi,2024,10411,443,Electric,Automatic,3.4,2,87300.0
Audi,2021,51946,450,Gasoline,Manual,2.7,3,58100.0
Kia,2017,100242,245,Electric,Manual,3.9,4,14100.0
BMW,2012,70523,454,Electric,Manual,4.0,3,47400.0
Volkswagen,2010,145358,168,Electric,Manual,1.4,3,2700.0
Ford,2017,100789,212,Gasoline,Automatic,1.1,3,12100.0
Kia,2013,140807,248,Gasoline,Automatic,3.7,3,7600.0
Hyundai,2012,122213,166,Hybrid,Manual,1.7,2,1300.0
Tesla,2020,30966,279,Gasoline,Manual,3.1,4,47400.0
Toyota,2018,61636,166,Electric,Manual,3.0,3,12100.0
Toyota,2019,55934,127,Gasoline,Automatic,1.3,1,8700.0
Audi,2019,69911,268,Hybrid,Automatic,1.4,3,37100.0
Audi,2015,119929,370,Electric,Manual,1.5,1,35200.0
Ford,2024,14895,127,Diesel,Automatic,2.5,3,23400.0
Volkswagen,2023,29359,138,Hybrid,Manual,3.9,2,23400.0
Tesla,2020,73334,387,Gasoline,Manual,2.8,4,53500.0
BMW,2023,31248,483,Diesel,Automatic,1.7,3,72600.0
Audi,2021,29534,363,Hybrid,Automatic,1.2,1,58300.0
Hyundai,2019,56321,207,Diesel,Manual,3.8,2,14700.0
Volkswagen,2020,74031,166,Electric,Automatic,1.9,1,18100.0
Kia,2012,191729,150,Diesel,Automatic,1.0,1,1800.0
Kia,2021,51619,132,Gasoline,Automatic,1.1,2,11000.0
Ford,2018,98883,208,Electric,Manual,2.2,2,14100.0
Honda,2015,109995,127,Gasoline,Manual,3.2,3,2900.0
Volkswagen,2020,65409,174,Hybrid,Manual,3.2,1,16500.0
Toyota,2019,91326,216,Hybrid,Automatic,2.3,3,16800.0
Honda,2013,122493,187,Gasoline,Automatic,1.9,4,2700.0
Ford,2012,75656,210,Electric,Automatic,1.3,3,11700.0
Mercedes-Benz,2014,146298,307,Diesel,Automatic,3.8,3,24200.0
Honda,2024,11077,136,Gasoline,Manual,2.7,2,17700.0
Toyota,2024,18250,149,Gasoline,Automatic,3.5,1,22300.0
Mercedes-Benz,2019,75566,383,Diesel,Automatic,1.9,1,49200.0
Honda,2017,100696,167,Gasoline,Manual,4.0,1,5300.0
Honda,2021,35185,183,Diesel,Automatic,1.8,1,18500.0
Audi,2024,9178,275,Electric,Manual,3.5,1,66200.0
Toyota,2013,91707,196,Diesel,Manual,1.8,2,6000.0
Ford,2021,54867,133,Diesel,Manual,3.9,2,11300.0
Honda,2017,114804,145,Gasoline,Automatic,3.1,4,2500.0
BMW,2020,57531,385,Diesel,Automatic,3.5,3,51200.0
Hyundai,2022,39172,191,Hybrid,Automatic,1.3,1,21800.0
Mercedes-Benz,2016,113599,313,Hybrid,Manual,1.5,3,32600.0
Audi,2021,47137,448,Hybrid,Automatic,2.8,2,64000.0
Mercedes-Benz,2018,63018,265,Electric,Automatic,3.0,4,42200.0
Hyundai,2016,105914,113,Electric,Automatic,3.2,3,2300.0
Toyota,2014,139031,156,Diesel,Manual,3.3,1,2900.0
Tesla,2019,63464,404,Gasoline,Manual,3.4,1,53800.0
Audi,2024,15307,266,Gasoline,Manual,2.1,2,53800.0
Kia,2016,81190,141,Electric,Automatic,2.2,2,5000.0
Toyota,2023,14969,126,Hybrid,Automatic,1.1,3,20100.0
BMW,2020,45531,319,Gasoline,Automatic,3.0,2,46100.0
Mercedes-Benz,2023,13408,268,Hybrid,Manual,1.0,2,60700.0
Tesla,2022,35815,462,Electric,Automatic,2.3,1,88400.0
Hyundai,2013,81760,247,Hybrid,Automatic,1.9,1,13400.0
Volkswagen,2018,70900,172,Diesel,Automatic,1.1,4,14000.0
Audi,2022,42752,365,Diesel,Manual,2.2,2,52700.0
Hyundai,2019,43254,185,Diesel,Manual,1.3,2,12600.0
Hyundai,2019,55257,136,Hybrid,Automatic,2.6,2,8400.0
Hyundai,2014,131768,186,Diesel,Manual,2.0,4,2700.0
Mercedes-Benz,2021,38315,453,Hybrid,Automatic,1.9,2,71800.0
Hyundai,2018,99290,126,Hybrid,Manual,2.1,1,1300.0
Honda,2012,110613,129,Gasoline,Automatic,2.5,4,1300.0
Kia,2016,103962,175,Gasoline,Automatic,4.0,3,4800.0
Tesla,2024,15706,416,Diesel,Manual,1.9,2,80100.0
Audi,2018,106386,370,Hybrid,Manual,3.8,2,39400.0
Hyundai,2010,156485,145,Diesel,Automatic,1.2,1,1600.0
BMW,2013,82849,367,Electric,Manual,1.2,4,37500.0
Honda,2015,143461,188,Gasoline,Manual,1.8,4,2200.0
Mercedes-Benz,2015,118156,393,Diesel,Manual,2.8,1,35400.0
Mercedes-Benz,2012,125608,276,Diesel,Automatic,2.0,3,20200.0
Tesla,2020,65494,293,Gasoline,Manual,4.0,1,46100.0
Tesla,2012,96874,371,Gasoline,Automatic,1.2,1,32200.0
Hyundai,2016,117231,177,Gasoline,Manual,2.7,4,3100.0
Hyundai,2015,105346,181,Gasoline,Manual,3.9,3,3900.0
Volkswagen,2018,89659,164,Gasoline,Automatic,3.0,2,9900.0
Audi,2023,28106,436,Hybrid,Manual,2.9,2,71100.0
Ford,2024,6778,213,Electric,Manual,1.0,3,36200.0
Audi,2024,13275,485,Gasoline,Automatic,1.1,3,76800.0
Volkswagen,2010,139421,114,Gasoline,Automatic,4.0,4,2000.0
Hyundai,2021,56603,109,Electric,Manual,2.8,2,8100.0
Ford,2023,14990,207,Gasoline,Manual,2.3,1,26600.0
Kia,2014,90127,185,Electric,Manual,3.7,3,5400.0
Volkswagen,2016,54595,149,Diesel,Automatic,1.3,4,9700.0
Tesla,2013,162724,294,Gasoline,Automatic,1.8,3,19400.0
Hyundai,2019,43098,218,Gasoline,Manual,3.8,2,17000.0
Ford,2015,147014,143,Gasoline,Manual,2.9,4,1200.0
BMW,2014,90517,329,Gasoline,Automatic,3.1,2,29000.0
Tesla,2015,119671,463,Diesel,Automatic,3.7,2,46000.0
Mercedes-Benz,2021,50975,273,Hybrid,Automatic,2.7,3,51600.0
Kia,2017,62644,249,Hybrid,Manual,2.6,2,18100.0
Volkswagen,2015,98989,187,Electric,Manual,2.5,2,8500.0
Hyundai,2014,61609,232,Diesel,Automatic,1.4,3,13600.0
Volkswagen,2020,73477,182,Gasoline,Automatic,3.6,1,16400.0
Hyundai,2015,105980,147,Electric,Automatic,1.5,2,2500.0
Hyundai,2022,42296,247,Hybrid,Automatic,2.4,2,26200.0
Audi,2019,67163,423,Hybrid,Automatic,1.1,2,54700.0
Kia,2011,170046,168,Hybrid,Manual,1.5,2,2800.0
Tesla,2021,55969,493,Diesel,Manual,3.0,1,70700.0
Mercedes-Benz,2022,24786,367,Hybrid,Manual,2.4,2,66100.0
Ford,2014,111076,147,Diesel,Manual,2.3,2,1300.0
Kia,2023,22302,222,Diesel,Automatic,1.3,4,24800.0
Hyundai,2020,59621,162,Gasoline,Automatic,1.4,2,11600.0
Audi,2024,13117,402,Hybrid,Manual,2.0,1,72800.0
Tesla,2012,118099,342,Electric,Manual,2.8,4,32500.0
BMW,2012,173022,261,Diesel,Automatic,2.3,3,11500.0
Ford,2016,69555,179,Hybrid,Automatic,1.1,4,11300.0
Volkswagen,2020,68251,219,Gasoline,Automatic,3.1,1,21600.0
Volkswagen,2022,16917,181,Diesel,Automatic,3.1,1,26100.0
Volkswagen,2016,55518,208,Electric,Manual,2.8,4,17900.0
Hyundai,2021,46338,193,Gasoline,Manual,3.9,4,16600.0
Honda,2012,69230,166,Diesel,Automatic,2.3,4,5300.0
Honda,2023,29812,193,Gasoline,Automatic,1.8,3,22700.0
Toyota,2018,67110,175,Electric,Automatic,1.1,3,13500.0
Toyota,2019,43900,109,Hybrid,Manual,1.5,1,7100.0
Ford,2020,68951,170,Electric,Automatic,3.1,2,18100.0
Kia,2019,75392,119,Electric,Automatic,1.1,1,4700.0
Honda,2015,102931,202,Gasoline,Manual,3.9,3,6600.0
Honda,2023,25155,149,Electric,Automatic,2.8,2,22200.0
Toyota,2015,147804,155,Hybrid,Automatic,3.2,2,1600.0
Toyota,2019,70670,172,Electric,Manual,2.2,1,13500.0
Ford,2014,106913,181,Gasoline,Manual,1.7,3,3800.0
Tesla,2014,168586,400,Hybrid,Automatic,2.6,4,35800.0
Toyota,2015,108418,188,Hybrid,Manual,2.4,4,4800.0
Ford,2020,59044,203,Gasoline,Manual,2.9,3,16600.0
Kia,2015,102200,180,Hybrid,Automatic,1.1,2,5400.0
Tesla,2016,106436,442,Electric,Automatic,4.0,4,56200.0
Ford,2016,135534,124,Hybrid,Manual,1.6,1,2100.0
Ford,2023,18497,240,Hybrid,Automatic,3.3,4,35300.0
Mercedes-Benz,2015,110365,420,Electric,Automatic,1.7,4,47600.0
Hyundai,2014,137278,145,Hybrid,Automatic,1.0,3,2500.0
Ford,2020,36190,248,Hybrid,Automatic,2.2,1,28300.0
Ford,2019,80141,246,Hybrid,Manual,2.0,2,19400.0
Hyundai,2020,35483,105,Hybrid,Manual,3.6,2,7600.0
BMW,2012,167204,332,Diesel,Automatic,1.2,1,18800.0
Hyundai,2017,77053,213,Diesel,Manual,3.9,1,11500.0
Audi,2023,17223,368,Gasoline,Manual,3.2,4,59800.0
Hyundai,2023,23202,206,Electric,Manual,3.1,1,26300.0
Toyota,2014,127123,193,Hybrid,Automatic,2.3,1,3900.0
Mercedes-Benz,2022,44412,434,Diesel,Automatic,2.2,3,66200.0
BMW,2022,40439,317,Gasoline,Automatic,2.9,1,51900.0
Hyundai,2022,29156,187,Electric,Automatic,2.0,4,23700.0
Tesla,2014,162421,444,Diesel,Manual,2.6,1,34900.0
Audi,2019,68037,328,Diesel,Automatic,2.4,4,40200.0
Ford,2021,29624,174,Hybrid,Automatic,2.9,1,23000.0
Tesla,2014,86516,253,Electric,Automatic,3.2,4,30100.0
Ford,2015,80339,228,Electric,Automatic,2.1,4,16700.0
Kia,2017,66948,197,Gasoline,Manual,2.0,3,9300.0
Ford,2014,165660,150,Electric,Automatic,2.4,1,2700.0
Kia,2024,10400,193,Gasoline,Automatic,2.9,3,24200.0
Mercedes-Benz,2018,100732,473,Gasoline,Manual,2.3,2,50600.0
Ford,2021,37930,216,Diesel,Manual,3.9,3,22300.0
Honda,2021,32973,133,Electric,Manual,1.6,2,14300.0
Tesla,2017,101653,387,Gasoline,Automatic,3.4,1,43100.0
Honda,2017,54827,150,Gasoline,Manual,2.8,3,7400.0
Tesla,2016,65069,449,Diesel,Automatic,4.0,3,51700.0
Tesla,2014,145216,334,Hybrid,Automatic,3.9,3,29800.0
Kia,2013,129323,243,Electric,Automatic,1.3,2,8500.0
Audi,2024,17202,376,Diesel,Manual,1.2,4,64000.0
Honda,2024,15066,237,Diesel,Manual,3.3,2,27800.0
Kia,2014,117018,220,Gasoline,Automatic,3.8,2,7000.0
Ford,2015,77192,201,Diesel,Manual,2.8,2,9700.0
Kia,2017,121431,168,Diesel,Automatic,2.4,3,2800.0
Mercedes-Benz,2015,110563,365,Electric,Automatic,2.7,4,40000.0
Volkswagen,2010,178351,135,Hybrid,Automatic,1.1,2,1400.0
Mercedes-Benz,2014,122502,332,Hybrid,Automatic,2.0,2,31400.0
Tesla,2018,87714,277,Gasoline,Manual,1.5,4,36100.0
Tesla,2017,49219,426,Hybrid,Manual,1.8,4,55600.0
Toyota,2020,55331,237,Electric,Automatic,3.8,1,25400.0
Honda,2015,119033,138,Electric,Manual,2.7,4,1500.0
Tesla,2018,69457,385,Electric,Manual,1.4,1,58200.0
Audi,2023,25488,441,Diesel,Manual,2.0,2,65500.0
Audi,2013,113007,404,Gasoline,Manual,1.4,4,30800.0
Hyundai,2022,21686,115,Electric,Manual,2.7,1,15000.0
Audi,2022,45511,322,Electric,Manual,3.2,1,58900.0
Honda,2018,57350,122,Hybrid,Manual,3.3,4,6200.0
Hyundai,2017,62650,118,Diesel,Automatic,2.4,4,5100.0
Volkswagen,2019,58930,199,Gasoline,Manual,1.7,4,16600.0
BMW,2019,66467,367,Diesel,Automatic,3.7,2,44800.0
Ford,2013,122135,125,Gasoline,Manual,3.3,3,2900.0
Audi,2023,22217,418,Diesel,Manual,1.9,4,64600.0
BMW,2024,11469,256,Diesel,Automatic,1.4,4,55500.0
BMW,2016,55914,362,Hybrid,Manual,1.6,4,42000.0
Honda,2011,114302,248,Gasoline,Manual,3.3,1,8400.0
Tesla,2015,105310,298,Diesel,Manual,3.4,3,28400.0
Kia,2011,174936,101,Hybrid,Automatic,2.2,1,1700.0
Mercedes-Benz,2023,15694,492,Electric,Manual,4.0,1,94100.0
Volkswagen,2024,12851,170,Electric,Manual,1.4,2,33200.0
Toyota,2012,176736,135,Hybrid,Manual,1.2,2,2700.0
Mercedes-Benz,2015,119260,357,Diesel,Manual,3.8,2,31700.0
Ford,2015,69250,107,Hybrid,Manual,1.9,3,2800.0
Mercedes-Benz,2019,61793,450,Gasoline,Automatic,1.1,4,56000.0
Ford,2024,12059,238,Hybrid,Manual,1.5,1,35300.0
BMW,2011,166849,278,Hybrid,Automatic,4.0,4,13300.0
Tesla,2022,17584,371,Hybrid,Automatic,1.4,3,74400.0
Honda,2017,109271,150,Diesel,Manual,2.5,2,1500.0
Honda,2021,29520,172,Gasoline,Manual,1.7,2,16500.0
Mercedes-Benz,2015,130549,383,Electric,Manual,2.0,3,39500.0
Tesla,2021,25394,411,Gasoline,Manual,3.9,1,63900.0
Toyota,2023,19118,201,Electric,Manual,2.7,4,30000.0
BMW,2020,75603,365,Diesel,Automatic,2.9,4,46200.0
Mercedes-Benz,2020,69908,336,Diesel,Automatic,2.0,4,48200.0
Hyundai,2020,35709,232,Electric,Manual,3.3,4,23900.0
Kia,2012,86997,217,Gasoline,Manual,2.7,3,6300.0
Audi,2014,140127,391,Gasoline,Manual,2.2,2,27600.0
BMW,2022,17446,437,Electric,Manual,2.7,1,78300.0
Audi,2018,65773,292,Electric,Manual,1.3,2,39500.0
Tesla,2013,94322,491,Hybrid,Manual,1.8,4,49300.0
Kia,2016,119096,182,Diesel,Automatic,1.0,3,4400.0
Mercedes-Benz,2013,177319,265,Hybrid,Manual,1.4,2,14700.0
BMW,2016,71940,350,Diesel,Manual,3.5,1,34700.0
Mercedes-Benz,2012,151512,435,Diesel,Manual,2.3,3,31600.0
Toyota,2020,38869,179,Gasoline,Automatic,1.7,4,16900.0
Honda,2018,108680,139,Gasoline,Automatic,3.6,1,2900.0
Mercedes-Benz,2011,180491,399,Diesel,Automatic,3.3,2,24800.0
Honda,2021,64443,192,Diesel,Automatic,3.5,4,15900.0
Honda,2023,21439,164,Electric,Automatic,3.0,3,25100.0
Honda,2010,103817,162,Hybrid,Manual,2.8,3,1200.0
Hyundai,2018,109206,196,Hybrid,Manual,2.8,1,7600.0
Honda,2022,29681,248,Hybrid,Automatic,3.2,1,28600.0
Hyundai,2023,29792,233,Gasoline,Automatic,3.4,4,25900.0
Toyota,2013,172936,106,Electric,Manual,1.9,4,2600.0
Hyundai,2023,21243,188,Electric,Manual,1.8,1,24200.0
Mercedes-Benz,2022,24608,392,Electric,Automatic,3.3,2,78000.0
Honda,2015,112039,158,Electric,Automatic,1.3,1,2800.0
Audi,2019,80401,443,Hybrid,Manual,1.8,4,53100.0
Hyundai,2024,12226,143,Electric,Manual,1.3,3,22900.0
Kia,2014,160312,145,Hybrid,Manual,1.6,1,2400.0
Volkswagen,2023,19824,187,Electric,Automatic,1.4,4,33100.0
Mercedes-Benz,2019,86713,332,Diesel,Automatic,3.5,2,42700.0
Mercedes-Benz,2010,198353,463,Diesel,Manual,3.6,4,27100.0
BMW,2012,70070,312,Gasoline,Automatic,3.5,4,27200.0
Tesla,2013,142584,467,Hybrid,Automatic,3.2,3,43900.0
Mercedes-Benz,2016,102571,480,Diesel,Automatic,2.6,1,49500.0
Ford,2015,94859,248,Diesel,Manual,3.9,4,13100.0
Honda,2022,46557,189,Diesel,Automatic,1.8,1,18800.0
Hyundai,2017,121037,116,Diesel,Manual,2.7,1,2800.0
Hyundai,2023,15366,190,Gasoline,Automatic,2.7,1,23200.0
Hyundai,2016,67902,155,Hybrid,Automatic,2.6,3,7000.0
Tesla,2022,43301,286,Electric,Manual,3.9,1,65700.0
Audi,2019,42341,407,Gasoline,Automatic,3.2,2,49800.0
Tesla,2022,25298,257,Hybrid,Manual,2.0,1,59500.0
Tesla,2021,48726,347,Hybrid,Manual,3.5,2,60700.0
Audi,2012,158727,377,Gasoline,Manual,1.8,2,22000.0
Honda,2015,124780,234,Electric,Manual,3.6,1,9600.0
Toyota,2020,56347,143,Gasoline,Manual,1.0,4,10100.0
Tesla,2019,67414,494,Diesel,Manual,2.9,4,61300.0
BMW,2015,67147,403,Electric,Manual,3.7,2,47100.0
Hyundai,2010,88928,130,Electric,Automatic,1.3,2,2200.0
Ford,2024,10709,149,Diesel,Automatic,3.8,4,25700.0
Honda,2020,70956,186,Diesel,Automatic,1.4,4,13000.0
Volkswagen,2010,163530,222,Gasoline,Manual,3.0,3,2800.0
Tesla,2019,86563,350,Diesel,Automatic,2.0,4,47600.0
Mercedes-Benz,2020,63231,361,Hybrid,Manual,2.5,4,53400.0
Kia,2017,123089,178,Hybrid,Automatic,3.3,1,4200.0
Toyota,2013,80047,250,Diesel,Automatic,3.2,1,13200.0
Mercedes-Benz,2016,75637,496,Gasoline,Automatic,3.2,2,52900.0
Toyota,2024,9322,217,Diesel,Manual,3.1,1,29200.0
Hyundai,2013,172411,111,Hybrid,Manual,3.7,1,2800.0
Toyota,2024,11647,145,Hybrid,Manual,2.1,4,22600.0
Ford,2019,56313,208,Electric,Manual,3.8,3,20100.0
Toyota,2016,109082,171,Diesel,Automatic,1.8,1,5700.0
Volkswagen,2010,186425,157,Gasoline,Manual,1.3,4,1100.0
Kia,2015,79521,201,Electric,Automatic,1.9,3,10000.0
Honda,2016,75507,242,Hybrid,Manual,1.4,1,14900.0
Honda,2011,122755,199,Diesel,Manual,3.3,1,1500.0
Tesla,2015,122939,363,Gasoline,Manual,3.3,3,32300.0
Toyota,2012,139750,144,Electric,Automatic,1.6,1,1800.0
Ford,2014,146634,157,Diesel,Manual,2.0,4,1100.0
Hyundai,2011,131292,235,Electric,Manual,1.4,3,4200.0
Honda,2016,125759,104,Diesel,Automatic,2.1,2,2800.0
BMW,2010,168703,394,Gasoline,Automatic,3.3,1,24000.0
Toyota,2019,84233,105,Hybrid,Automatic,1.8,4,4400.0
BMW,2020,67233,338,Hybrid,Automatic,3.8,2,49400.0
Audi,2013,90729,413,Diesel,Automatic,4.0,2,35300.0
Toyota,2016,90387,110,Hybrid,Automatic,3.1,2,3000.0
Ford,2023,23268,203,Hybrid,Automatic,2.4,4,29800.0
Volkswagen,2017,90415,183,Hybrid,Manual,3.2,2,10500.0
BMW,2019,52105,480,Hybrid,Automatic,2.1,3,63300.0
Ford,2017,58686,215,Electric,Automatic,1.2,2,19300.0
Ford,2020,60719,210,Diesel,Automatic,1.1,2,19200.0
Ford,2014,157806,202,Diesel,Manual,2.2,4,1500.0
Ford,2022,41509,235,Gasoline,Manual,3.4,1,24400.0
Toyota,2015,67296,191,Diesel,Manual,3.9,3,10000.0
Audi,2019,65793,481,Hybrid,Automatic,2.0,2,60300.0
Honda,2022,43924,138,Diesel,Automatic,1.4,4,13300.0
Kia,2020,65768,163,Gasoline,Manual,3.7,1,9700.0
Ford,2024,15114,197,Hybrid,Manual,3.3,3,31600.0
Tesla,2019,51538,478,Gasoline,Automatic,3.8,3,64100.0
Honda,2024,11625,145,Diesel,Automatic,3.0,2,20300.0
BMW,2020,53664,432,Gasoline,Automatic,2.8,4,54900.0
Tesla,2016,72912,467,Electric,Manual,2.5,1,60800.0
Ford,2010,136191,167,Hybrid,Automatic,2.0,3,2500.0
Hyundai,2020,34297,241,Gasoline,Manual,3.6,1,21200.0
Toyota,2014,125231,220,Hybrid,Automatic,1.1,3,8200.0
Audi,2015,137457,354,Electric,Manual,3.8,3,31700.0
Hyundai,2014,103741,215,Gasoline,Automatic,3.6,1,7000.0
Ford,2022,22249,119,Diesel,Automatic,1.2,2,17800.0
Honda,2010,81094,118,Diesel,Automatic,2.9,3,2600.0
Honda,2019,42448,135,Diesel,Manual,1.6,1,7800.0
BMW,2013,70478,349,Electric,Manual,2.4,2,37100.0
Hyundai,2019,52131,173,Gasoline,Automatic,1.6,1,11800.0
BMW,2014,85367,397,Diesel,Manual,3.1,1,34700.0
Audi,2022,27520,351,Electric,Automatic,2.5,3,64500.0
Mercedes-Benz,2023,23268,385,Gasoline,Automatic,1.8,2,67300.0
Honda,2017,85606,210,Gasoline,Automatic,1.0,1,11300.0
Audi,2021,60219,395,Electric,Automatic,2.4,4,62500.0
Mercedes-Benz,2022,41606,389,Diesel,Manual,2.8,1,61600.0
Volkswagen,2017,103161,203,Hybrid,Automatic,2.4,2,13800.0
Volkswagen,2016,49751,181,Hybrid,Manual,2.2,1,14000.0
Ford,2012,192788,155,Gasoline,Manual,2.2,2,1500.0
BMW,2010,200433,290,Electric,Automatic,1.7,4,11600.0
Hyundai,2016,110461,224,Gasoline,Automatic,3.9,1,10300.0
Hyundai,2019,59598,160,Hybrid,Manual,2.2,1,10900.0
Ford,2015,104404,131,Diesel,Automatic,2.0,3,2600.0
Ford,2015,146499,116,Gasoline,Automatic,2.1,2,1400.0
Audi,2021,37856,412,Hybrid,Automatic,2.7,3,62400.0
Ford,2015,145635,160,Diesel,Automatic,2.7,1,1600.0
Honda,2016,69504,120,Hybrid,Automatic,2.8,3,2900.0
Volkswagen,2022,26757,136,Electric,Manual,2.4,2,23200.0
Audi,2015,133662,287,Electric,Automatic,2.5,3,25700.0
Kia,2013,101891,130,Electric,Manual,3.2,2,2000.0
Kia,2014,102806,208,Gasoline,Automatic,1.8,2,6600.0
Toyota,2020,60164,194,Hybrid,Manual,2.3,4,16800.0
Tesla,2017,82050,489,Electric,Automatic,1.8,4,66300.0
Tesla,2012,133882,281,Gasoline,Automatic,2.7,3,19500.0
Volkswagen,2018,41476,182,Hybrid,Manual,2.0,1,17900.0
Audi,2019,86206,476,Gasoline,Manual,2.5,1,50600.0
Honda,2018,55657,123,Electric,Automatic,2.0,4,7600.0
Honda,2017,96961,115,Hybrid,Automatic,3.1,1,2600.0
Hyundai,2012,91680,158,Diesel,Manual,2.9,1,1100.0
BMW,2017,45897,306,Diesel,Manual,3.9,2,35400.0
Audi,2016,103513,380,Electric,Automatic,1.1,4,42300.0
Toyota,2013,176226,153,Diesel,Automatic,1.0,1,2200.0
Audi,2018,57076,304,Diesel,Manual,3.7,3,34300.0
Audi,2018,80850,463,Diesel,Automatic,2.0,3,50600.0
Volkswagen,2011,139149,107,Hybrid,Automatic,1.6,1,1100.0
Honda,2021,35111,245,Electric,Manual,3.7,3,27100.0
Toyota,2020,48468,164,Diesel,Manual,1.9,2,14000.0
Audi,2013,161403,434,Electric,Automatic,4.0,2,37300.0
Hyundai,2018,105769,163,Gasoline,Manual,3.7,1,4100.0
